--
-- Host: localhost    Database: moMus
-- ------------------------------------------------------
-- Server version	8.0.33

/*!40101 SET @OLD_CHARACTER_SET_CLIENT=@@CHARACTER_SET_CLIENT */;
/*!40101 SET @OLD_CHARACTER_SET_RESULTS=@@CHARACTER_SET_RESULTS */;
/*!40101 SET @OLD_COLLATION_CONNECTION=@@COLLATION_CONNECTION */;
/*!50503 SET NAMES utf8mb4 */;
/*!40103 SET @OLD_TIME_ZONE=@@TIME_ZONE */;
/*!40103 SET TIME_ZONE='+00:00' */;
/*!40014 SET @OLD_UNIQUE_CHECKS=@@UNIQUE_CHECKS, UNIQUE_CHECKS=0 */;
/*!40014 SET @OLD_FOREIGN_KEY_CHECKS=@@FOREIGN_KEY_CHECKS, FOREIGN_KEY_CHECKS=0 */;
/*!40101 SET @OLD_SQL_MODE=@@SQL_MODE, SQL_MODE='NO_AUTO_VALUE_ON_ZERO' */;
/*!40111 SET @OLD_SQL_NOTES=@@SQL_NOTES, SQL_NOTES=0 */;

--
-- Table structure for table `animes`
--

DROP TABLE IF EXISTS `animes`;
/*!40101 SET @saved_cs_client     = @@character_set_client */;
/*!50503 SET character_set_client = utf8mb4 */;
CREATE TABLE `animes` (
  `id` int NOT NULL AUTO_INCREMENT,
  `titulo` varchar(255) NOT NULL,
  `genero` varchar(255) NOT NULL,
  `sinopse` text NOT NULL,
  `foto` varchar(255) NOT NULL,
  `titulo_original` varchar(255) NOT NULL,
  `createdAt` datetime NOT NULL,
  `updatedAt` datetime NOT NULL,
  PRIMARY KEY (`id`)
) ENGINE=InnoDB AUTO_INCREMENT=12 DEFAULT CHARSET=utf8mb4 COLLATE=utf8mb4_0900_ai_ci;
/*!40101 SET character_set_client = @saved_cs_client */;

--
-- Dumping data for table `animes`
--

LOCK TABLES `animes` WRITE;
/*!40000 ALTER TABLE `animes` DISABLE KEYS */;
INSERT INTO `animes` VALUES (1,'Attack on Titan','Ação, Aventura, Drama, Fantasia, Suspense','Eren Jaeger jurou eliminar todos os Titãs, mas em uma batalha desesperada ele se torna aquilo que mais odeia. Com seus novos poderes, ele luta pela liberdade da humanidade, combatendo os monstros que ameaçam seu lar. Mesmo depois de derrotar a Titã Fêmea, Eren não consegue descansar - uma horda de Titãs se aproximam da Muralha Rose e a batalha em nome da humanidade continua!','shingeki_no_kyojin.webp','Shingeki no Kyojin','2023-04-24 21:15:54','2023-04-24 21:15:54'),(2,'Guilty Crown','Ação, Ficção, Romance, Drama, Mecha','Na véspera do Natal de 2029, o não identificado \"Vírus Apocalítico\" espalhou-se pelo Japão em estado de emergência num caos chamado \"Natal Perdido\". A organização internacional chamada GHQ intervém com leis marciais e restaura o Japão ao custo da independência. 10 anos depois, em 2039, Ouma Shu de 17 anos, um estudante anti-social do ensino médio, conhece Inori Yuzuriha, cantora que ficou popularmente conhecida na internet como \"Egoist\", enquanto visita um de seus lugares favoritos em seu caminho da casa para a escola. Shu é um grande fã de Inori. Contudo, ele também descobre um outro lado dela: ela é um membro da Undertaker, uma organização de oposição que tem o objetivo de libertar o Japão da GHQ. Shu começa a tomar parte nas ações da Undertaker e a \"marca do rei\" aparece em sua mão direita. Esta \"marca\" confere a ele o poder de alcançar a alma de outra pessoa e extraí-la de modo que se materializa uma arma. ','guilty_crown.jpg','Guilty Crown','2023-04-24 21:15:54','2023-04-24 21:15:54'),(3,'Kabaneri of the Iron Fortress','Ação, Sobrenatural, Suspense','Em uma época de revolução industrial, uma horda de mortos-vivos tomou o mundo de assalto. Esses monstros, batizados de Kabane, só podem ser mortos se seus corações revestidos de ferro forem atravessados. Para sobreviver, o povo da terra de Hinomoto construiu estações-fortalezas, e se comunicam com outras estações através de locomotivas fortificadas chamadas de \"Hayajiro\". Ikoma é um jovem ferreiro que aguarda por uma chance de demonstrar a força de sua arma especial anti-Kabane. Essa oportunidade surge quando um Hayajiro chega em sua estação, carregando uma misteriosa garota chamada Mumei.','koutetsujou_no_kabaneri.jpg','Koutetsujou no Kabaneri','2023-04-24 21:15:54','2023-04-24 21:15:54'),(4,'Sonny Boy','Drama, Fantasia','São férias normais de verão... Exceto pelo fato de que o colégio de Nagara misteriosamente foi parar em outra dimensão. À medida que os alunos começam a desenvolver novos e estranhos poderes, eles trabalharão juntos para sobreviver a esse ambiente estranho e encontrar um caminho para casa, ou suas facções e rivalidades recém-formadas se enfrentarão?','sonny_boy.jpe','Sonny Boy','2023-04-24 21:15:54','2023-04-24 21:15:54'),(5,'Ergo Proxy','  Cyberpunk, Suspense, Mistério, Ficção científica, Romance','A história começa numa cidade futurista chamada Romdo, construída para a proteção dos cidadãos após o apocalipse ambiental global. Nesta utopia, humanos e AutoReivs (andróides) coexistem pacificamente num ambiente de total controle. Os Autoreivs são separados em \'de companhia\' ou \'Entourage\' dependendo do seu papel. Uma série de assassinatos cometidos por robôs e AutoReivs descontrolados infectados pelo vírus Cogito (que faz com que eles adquiram consciência de si) começa a ameaçar o delicado equilíbrio da ordem social de Romdo. Nos bastidores, o governo vem conduzindo experimentos secretos com uma misteriosa forma de vida humanoide chamada Proxy. Acredita-se que os Proxies (descritos como Semi-deuses e Imortais) sejam a chave para a sobrevivência da humanidade.','ergo_proxy.jpg','Ergo Proxy','2023-04-24 21:15:54','2023-04-24 21:15:54'),(6,'Dororo','Artes Marciais, Ação, Sobrenatural, Drama','Ambientado no período Sengoku, Dororo narra a jornada de Hyakkimaru, um garoto que teve partes do corpo retiradas por demônios, tudo graças a um pacto feito por seu pai para instaurar a paz na região. Para que não fosse completamente morto, sua mãe o colocou à deriva em um rio, até que o pequeno foi encontrado por Jukai, um curandeiro que, para salvá-lo, usou magia e alquimia para criar próteses e restaurar as diversas partes do corpo que faltavam na criança. Quando Hyakkimaru chega na adolescência, Jukai o envia em uma missão para derrotar os demônios e recuperar as partes originais de seu corpo. No entanto, ele conhece o pequeno Dororo, uma criança que o acompanha em troca de comida ao longo do extenso caminho percorrido pelas vilas japonesas. A dupla enfrenta demônios sombrios e, aos poucos, Hyakkimaru recupera partes e sentidos que perdeu, mas por outro lado o jovem começa a ficar obcecado em se recompor e destruir seus inimigos. ','dororo.jpg','Dororo','2023-04-24 21:15:54','2023-04-24 21:15:54'),(7,'Death Note','Thriller, Terror','Um estudante de repente encontra um caderno que caiu do céu. Trata-se do Death Note, que permite ao seu portador matar qualquer pessoa a partir da mera anotação do nome do alvo em uma de suas páginas. Sob a influência de Ruyk, dono do caderno, ele passa a usá-lo para eliminar criminosos e pessoas que escaparam da justiça. A súbita onda de assassinatos faz com que ele seja endeusado por muitos, que o apelidam de Kira, mas também atrai a atenção de um enigmático e brilhante detetive, chamado L.','death_note.webp','Death Note','2023-04-24 21:15:54','2023-04-24 21:15:54'),(8,'Tokyo Ghoul','Ação, Drama, Suspense, Sobrenatural, Terror, Gore','A história de Tokyo Ghoul gira em torno de Ken Kaneki, um estudante que mal sobrevive a um encontro mortal com Rize Kamishiro, uma mulher que se revela um ghoul; ghoul são criaturas semelhantes a humanos que caçam e devoram carne humana, com essa revelação Rize ataca Kaneki que é ferido gravemente, tentando fugir desesperadamente Rize o encurrala até que vários canos de metal caem em Rize aparentemente a matando, logo após isso Kaneki desmaia devido aos ferimentos e é levado para o hospital em estado critico. Depois de recuperado, ele descobre que, de alguma forma, foi submetido a uma cirurgia que o transformou em meio-ghoul, e que, assim como eles, deverá consumir carne humana para poder sobreviver. Sem ninguém pra recorrer, ele é levado pelo gerente(Kuzen) de uma cafeteria chamada \"Anteiku\", onde lhe ensinam a viver como meio-humano e meio-ghoul e a interagir com a sociedade dos ghouls e as suas facções, enquanto se esforça para conviver com os humanos','tokyo_ghoul.jpg','Tokyo Ghoul','2023-04-24 21:15:54','2023-04-24 21:15:54'),(9,'Bleach','Ação, Aventura, Fantasia','O jovem Ichigo, depois de passar grande parte de sua vida vendo fantasmas, se torna um Shinigami, um ser sobrenatural capaz de controlar a morte. Devido a isso, ele dedica sua vida a proteger os inocentes e ajudar os espíritos torturados até que eles encontrem a paz.','bleach.jpg','Bleach','2023-04-24 21:15:54','2023-04-24 21:15:54'),(10,'My Hero Academia','Ação','A história de My Hero Academia é ambientada em um mundo onde a maior parte da população humana possui habilidades especiais conhecidas como “individualidades”. Esses poderes costumam se manifestar por volta dos quatro anos de idade e existem inúmeras individualidades, sendo bastante improvável que alguém tenha as mesmas habilidades que outra pessoa. Alguns decidem seguir carreira como super heróis, usando suas individualidades para combater o crime e resgatar civis. Com uma série de leis que regulam os trabalhos dos heróis, alguns deles conseguem ganham status de celebridade. Então, conhecemos Izuku Midoriya, um jovem adolescente que nasceu sem individualidade e é assombrado por essa condição. Depois de ajudar um super herói ferido, Izuku recebe em troca a individualidade que fez de All Might o Nº1 da nação. Agora, encarregado de seguir os passos de seu super herói favorito, Izuku entra para a Academia de Heróis, uma escola para treinar os futuros heróis profissionais. ','boku_no_hero_academia.jpg','Boku no Hero Academia','2023-04-24 21:15:54','2023-04-24 21:15:54'),(11,'Charlotte','Drama, Escola, Super Poder','Num mundo alternativo, uma pequena porcentagem das crianças são capazes de manifestar seus superpoderes ao atingir a puberdade. A história é ambientada na Academia Hoshinoumi e acompanha os membros do conselho estudantil, que ajudam os outros alunos com problemas decorrentes das suas habilidades.','charlotte.jpg','Charlotte','2023-04-24 21:15:54','2023-04-24 21:15:54');
/*!40000 ALTER TABLE `animes` ENABLE KEYS */;
UNLOCK TABLES;

--
-- Table structure for table `animes_musicas`
--

DROP TABLE IF EXISTS `animes_musicas`;
/*!40101 SET @saved_cs_client     = @@character_set_client */;
/*!50503 SET character_set_client = utf8mb4 */;
CREATE TABLE `animes_musicas` (
  `createdAt` datetime NOT NULL,
  `updatedAt` datetime NOT NULL,
  `musicaId` int NOT NULL,
  `animeId` int NOT NULL,
  PRIMARY KEY (`musicaId`,`animeId`),
  KEY `animeId` (`animeId`),
  CONSTRAINT `animes_musicas_ibfk_1` FOREIGN KEY (`musicaId`) REFERENCES `musicas` (`id`) ON DELETE CASCADE ON UPDATE CASCADE,
  CONSTRAINT `animes_musicas_ibfk_2` FOREIGN KEY (`animeId`) REFERENCES `animes` (`id`) ON DELETE CASCADE ON UPDATE CASCADE
) ENGINE=InnoDB DEFAULT CHARSET=utf8mb4 COLLATE=utf8mb4_0900_ai_ci;
/*!40101 SET character_set_client = @saved_cs_client */;

--
-- Dumping data for table `animes_musicas`
--

LOCK TABLES `animes_musicas` WRITE;
/*!40000 ALTER TABLE `animes_musicas` DISABLE KEYS */;
/*!40000 ALTER TABLE `animes_musicas` ENABLE KEYS */;
UNLOCK TABLES;

--
-- Table structure for table `filmes`
--

DROP TABLE IF EXISTS `filmes`;
/*!40101 SET @saved_cs_client     = @@character_set_client */;
/*!50503 SET character_set_client = utf8mb4 */;
CREATE TABLE `filmes` (
  `id` int NOT NULL AUTO_INCREMENT,
  `titulo` varchar(255) NOT NULL,
  `sinopse` text NOT NULL,
  `ano` int NOT NULL,
  `duracao` int NOT NULL,
  `foto` varchar(255) NOT NULL,
  `bg_foto` varchar(255) NOT NULL,
  `direcao` varchar(255) NOT NULL,
  `roteiro` varchar(255) NOT NULL,
  `titulo_original` varchar(255) NOT NULL,
  `createdAt` datetime NOT NULL,
  `updatedAt` datetime NOT NULL,
  PRIMARY KEY (`id`)
) ENGINE=InnoDB AUTO_INCREMENT=33 DEFAULT CHARSET=utf8mb4 COLLATE=utf8mb4_0900_ai_ci;
/*!40101 SET character_set_client = @saved_cs_client */;

--
-- Dumping data for table `filmes`
--

LOCK TABLES `filmes` WRITE;
/*!40000 ALTER TABLE `filmes` DISABLE KEYS */;
INSERT INTO `filmes` VALUES (1,'Questão de Tempo','Ao completar 21 anos, Tim é surpreendido com a notícia dada por seu pai de que pertence a uma linhagem de viajantes no tempo. Ou seja, todos os homens da família conseguem viajar para o passado, bastando apenas ir para um local escuro e pensar na época e no local para onde deseja ir. Cético a princípio, Tim logo se empolga com o dom ao ver que seu pai não está mentindo. Sua primeira decisão é usar esta capacidade para conseguir uma namorada, mas logo ele percebe que viajar no tempo e alterar o que já aconteceu pode provocar consequências inesperadas.',2013,123,'questao_de_tempo.jpg','questao_de_tempo_bg.webp','Richard Curtis','Richard Curtis','About Time','2023-04-25 15:27:56','2023-05-05 13:30:41'),(2,'Scott Pilgrim Contra o Mundo','Scott Pilgrim tem 23 anos, integra uma banda de colégio, vive trocando de emprego e tem um namoro firme.  Sua vida está maravilhosa, até conhecer Ramona V. Flowers.  Ele logo se apaixona perdidamente por ela, só que não será fácil conquistar seu amor.  Para tanto ele precisa enfrentar os sete ex-namorados dela, que estão dispostos a tudo para impedir sua felicidade com outra pessoa.',2010,112,'scott_pilgrim_contra_o_mundo.jpg','scott_pilgrim_contra_o_mundo_bg.jpg','Edgar Wright','Edgar Wright, Michael Bacall','Scott Pilgrim vs. the World','2023-04-25 15:27:56','2023-05-05 13:31:39'),(3,'As Vantagens de Ser Invisível','Charlie é um jovem que tem dificuldades para interagir em sua nova escola. Com os nervos à flor da pele, ele se sente deslocado no ambiente. Seu professor de literatura, no entanto, acredita nele e o vê como um gênio. Mas Charlie continua a pensar pouco de si... até o dia em que dois amigos, Patrick e Sam, passam a andar com ele.',2012,103,'as_vantagens_de_ser_invisivel.webp','as_vantagens_de_ser_invisivel_bg.jpg','Stephen Chbosky','Stephen Chbosky','The Perks of Being a Wallflower','2023-04-25 15:27:56','2023-05-05 13:32:14'),(4,'Jogador nº 1','Num futuro distópico, em 2044, Wade Watts, como o resto da humanidade, prefere a realidade virtual do jogo OASIS ao mundo real. Quando o criador do jogo, o excêntrico James Halliday morre, os jogadores devem descobrir a chave de um quebra-cabeça diabólico para conquistar sua fortuna inestimável. Para vencer, porém, Watts terá de abandonar a existência virtual e ceder a uma vida de amor e realidade da qual sempre tentou fugir.',2018,140,'jogador_n_1.jpg','jogador_n_1_bg.jpg','Steven Spielberg','Tye Sheridan, Olivia Cooke, Ben Mendelsohn','Ready Player One','2023-04-25 15:27:56','2023-05-06 13:43:48'),(5,'Watchmen','Em 1977 foi aprovada pelo congresso norte-americano a Lei Keene, que proibia as atividades de mascarados no combate ao crime. Isto fez com que vários super-heróis deixassem a carreira, como o Coruja e Espectral. Outros, como o Comediante e o Dr. Manhattan, passaram a trabalhar para o governo. Dois anos antes da implementação desta lei Adrian Veidt decidiu revelar sua identidade como Ozymandias, dedicando-se a partir de então na construção de um império econômico. Em 1985 o mundo vive o clima da Guerra Fria, no qual um ataque nuclear pode acontecer a qualquer momento, vindo dos Estados Unidos ou da União Soviética. Neste clima de tensão política Edward Blake, o Comediante, é assassinado. Em seu funeral comparecem, em momentos diversos, seus antigos companheiros. Entre eles está Rorschach, que acredita que sua morte seja o indício da existência de um assassino de mascarados.',2009,162,'watchmen.jpg','watchmen_bg.jpg','Zack Snyder','David Hayter, Alex Tse','Watchmen','2023-04-25 15:27:56','2023-05-05 13:33:57'),(6,'Extermínio','Após invadirem um laboratório de pesquisas em macacos, um grupo de ativistas encontra chimpanzés presos em gaiolas diante de telas que exibem continuamente cenas de extrema violência. Ignorando os avisos de um cientista que trabalha no local de que os macacos estariam infectos, os ativistas decidem libertá-los. Assim que são soltos os macacos atacam todos aqueles à sua volta, em verdadeiros ataques ensandecidos. 28 dias após este acontecimento desperta do coma em um hospital de Londres Jim. Completamente confuso e estranhando a ausência de pessoas nas ruas, Jim nada sabe sobre o ocorrido e se esconde após encontrar diversos cadáveres e seres monstruosos, infectados pelo vírus disseminado. Após uma explosão Jim encontra outros sobreviventes, Selena e Mark, que o levam a um local seguro e lhe explicam a situação atual. Decidido a reencontrar seus pais, Jim decide partir e é acompanhado pela dupla de novos companheiros. Até que, ao se refugiarem em um prédio, ouvem uma transmissão pelo rádio de que um grupo de soldados comandados pelo major Henry West está se reunindo e diz ter a solução para a cura da infecção provocada pelo vírus. Sem outra alternativa, Jim, Selena e Mark decidem se juntar aos soldados em sua batalha.',2003,112,'28_days_later.jpg','28_days_later_bg.jpg','Danny Boyle','Alex Garland','28 Days Later','2023-04-25 15:27:56','2023-05-05 13:35:23'),(7,'Batman','Batman segue o segundo ano de Bruce Wayne como o herói de Gotham, causando medo nos corações dos criminosos da sombria cidade. Com apenas alguns aliados de confiança - Alfred Pennyworth e o tenente James Gordon - entre a rede corrupta de funcionários e figuras importantes do distrito, o vigilante solitário se estabeleceu como a única personificação da vingança entre seus concidadãos. Durante uma de suas investigações, Bruce acaba envolvendo a si mesmo e Gordon em um jogo de gato e rato, ao investigar uma série de maquinações sádicas em uma trilha de pistas enigmáticas estabelecida pelo vilão Charada. Quando o trabalho acaba o levando a descobrir uma onda de corrupção que envolve o nome de sua família, pondo em risco a própria integridade e as memórias que tinha sobre seu pai, Thomas Wayne, as evidências começam a chegar mais perto de casa, precisando, Batman, forjar novos relacionamentos, para assim desmascarar o culpado e fazer justiça ao abuso de poder e à corrupção que há muito tempo assola Gotham City.',2022,177,'the_batman.jpg','batman_bg.jpg','Matt Reeves','Matt Reeves, Peter Craig','The Batman','2023-04-25 15:27:56','2023-05-06 16:01:44'),(8,'Clube da Luta','Jack é um executivo jovem, trabalha como investigador de seguros, mora confortavelmente, mas ele está ficando cada vez mais insatisfeito com sua vida medíocre. Para piorar ele está enfrentando uma terrível crise de insônia, até que encontra uma cura inusitada para o sua falta de sono ao frequentar grupos de auto-ajuda. Nesses encontros ele passa a conviver com pessoas problemáticas como a viciada Marla Singer e a conhecer estranhos como Tyler Durden. Misterioso e cheio de ideias, Tyler apresenta para Jack um grupo secreto que se encontra para extravasar suas angústias e tensões através de violentos combates corporais.',1999,139,'clube_da_luta.webp','clube_da_luta_bg.jpg','David Fincher','Brad Pitt, Edward Norton, Helena Bonham Carter','Fight Club','2023-04-25 15:27:56','2023-05-05 21:06:39'),(9,'Efeito Borboleta','Evan é um jovem que luta para esquecer fatos de sua infância. Para tanto ele decide realizar uma regressão onde volta também fisicamente ao seu corpo de criança, tendo condições de alterar seu próprio passado. Porém, ao tentar consertar seus antigos problemas ele termina por criar novos, já que toda mudança que realiza gera consequências em seu futuro.',2004,113,'efeito_borboleta.jpg','efeito_borboleta_bg.jpg','Eric Bress, J. Mackye Gruber','Eric Bress, J. Mackye Gruber','The Butterfly Effect','2023-04-25 15:27:56','2023-05-05 21:05:58'),(10,'A Profecia','Um diplomata americano preocupado em não chocar a esposa, em virtude da morte do seu filho ao nascer, lhe oculta o fato e adota um recém-nascido de origem desconhecida. Mortes misteriosas começam a cercar a família do homem, que sem saber, pode estar criando o AntiCristo em pessoa. ',1977,111,'the_omen.jpg','the_omen_bg.jpg','Richard Donner','David Seltzer','The Omen ','2023-04-25 15:27:56','2023-04-25 15:27:56'),(11,'O Exorcista','Em Georgetown, Washington, uma atriz vai gradativamente tomando consciência que a sua filha de doze anos está tendo um comportamento completamente assustador. Deste modo, ela pede ajuda a um padre, que também um psiquiatra, e este chega a conclusão de que a garota está possuída pelo demônio. Ele solicita então a ajuda de um segundo sacerdote, especialista em exorcismo, para tentar livrar a menina desta terrível possessão.',1973,121,'o_exorcista.jpg','o_exorcista_bg.jpg.webp','William Friedkin','William Peter Blatty','The Exorcist ','2023-04-25 15:27:56','2023-04-25 15:27:56'),(12,'O Bebê de Rosemary','Um jovem casal, Rosemarey e Guy Woodhouse, se muda para um prédio habitado por estranhas pessoas, onde coisas bizarras acontecem. Quando ela engravida, passa a ter estranhas alucinações e vê o seu marido se envolver com os vizinhos, uma seita de bruxas que quer que ela dê luz ao Filho das Trevas.',1969,136,'o_bebe_de_rosemary.jpg','o_bebe_de_rosemary_bg.jpg','Roman Polanski','Roman Polanski','Rosemary\'s Baby','2023-04-25 15:27:56','2023-05-05 21:07:27'),(13,'Advogado do Diabo','Kevin Lomax, advogado de uma pequena cidade da Flórida que nunca perdeu um caso, contratado John Milton, dono da maior firma de advocacia de Nova York. Kevin recebe um alto salário e várias mordomias, apesar da desaprovação de Alice Lomax, sua mãe e uma fervorosa religiosa, que compara Nova York a Babilônia. No início tudo parece correr bem, mas logo Mary Ann, a esposa do advogado, sente saudades de sua antiga casa e começa a testemunhar aparições demoníacas. No entanto, Kevin está empenhado em defender um cliente acusado de triplo assassinato e cada vez dá menos atenção sua mulher, enquanto que seu misterioso chefe parece sempre saber como contornar cada problema e tudo que perturba o jovem advogado.',1998,140,'advogado_do_diabo.webp','advogado_do_diabo_bg.webp','Taylor Hackford','Tony Gilroy','The Devil\'s Advocate','2023-04-25 15:27:56','2023-05-05 21:09:28'),(14,'Donnie Darko','Donnie é um jovem brilhante e excêntrico, que cursa o colegial mas despreza a grande maioria dos seus colegas de escola. Donnie tem visões, em especial de um coelho monstruoso o qual apenas ele consegue ver, que o encoraja a realizar brincadeiras destrutivas e humilhantes com quem o cerca. Até que um dia uma de suas visões o atrai para fora de casa e lhe diz que o mundo acabará dentro de um mês. Donnie inicialmente não acredita na profecia, mas momentos depois um avião cai bem no telhado de sua casa, quase matando-o. É quando ele começa a se perguntar qual o fundo de verdade da sua previsão.',2001,113,'donnie_darko.jpg','donnie_darko_bg.jpg','Richard Kelly','Richard Kelly','Donnie Darko','2023-04-25 15:27:56','2023-05-04 17:18:19'),(15,'Cínco Centímetros por Segundo','Contada em três segmentos interligados, entre o início dos anos 1990 e 2007, um jovem chamado Takaki Tono e sua melhor amiga Akari Shinohara moram em Tóquio. Devido à mudanças no trabalho de seu pai, Akari acaba se transferindo de cidade com sua família, mas os dois lutam para manter um contato através de cartas. Seus desencontros são constantes e os dois acabam se afastando com o tempo, deixando apenas as memórias de momentos juntos. Novas pessoas surgem em suas vidas, mas Takaki não esquece de Akari, que mesmo com o tempo passado, tem a esperança de encontrá-la novamente.',2007,63,'5_centimetros_por_segundo.png','5_centimetros_por_segundo_bg.webp','Makoto Shinkai','Makoto Shinkai','Byõsoku 5 Senchimetoru','2023-04-25 20:58:42','2023-04-25 20:58:42'),(16,'Hello World','Em Kyoto, no ano de 2027, Naomi Katagaki, um estudante do ensino médio, encontra uma pessoa que afirma ser o Naomi de 10 anos no futuro. Juntos, eles devem mudar o futuro e salvar uma colega de classe, Ruri, com quem o jovem Naomi começará a namorar em três meses.',2019,98,'hello_world.jpg','hello_world_bg.jpg','Tomohiko Itô','Mado Nozaki','Hello World','2023-04-25 21:11:53','2023-04-25 21:11:53'),(18,'I Want to Eat Your Pancreas','Este romance é contado do ponto de vista de um protagonista sem nome, que encontra por mero acaso, um diário num hospital. O diário pertence à sua colega de turma, uma rapariga chamada Sakura Yamauchi, e acaba por descobrir que ela sofre de uma doença terminal no pâncreas e que tem apenas alguns meses de vida. Sakura explica que o protagonista é a única pessoa, além da sua família, que sabe sobre a sua condição. Este promete guardar o seu segredo. Apesar das suas personalidades completamente opostas, acaba-se por se envolver com a Sakura, nos seus últimos meses de vida.',2018,108,'kimi_no_suizou_wo_tabetai.jpg','kimi_no_suizou_wo_tabetai_bg.jpg','Shinichirou Ushijima','Shinichirou Ushijima','Kimi no Suizou Wo Tabetai','2023-04-25 21:26:48','2023-05-05 01:25:31'),(19,'A Voz do Silêncio','Nishimiya Shoko é uma aluna da escola primária que está cansada de sofrer bullying por ser deficiente auditiva. Transferida para uma nova escola, ela passa a ser constantemente intimidada pelos colegas, principalmente pelo jovem Ishida Shouya. Depois que ela precisa novamente mudar de instituição de ensino por causa dele, Shouya é condenado ao ostracismo e fica sem amigos. Tempos depois, ele tenta obter redenção.',2016,129,'koe_no_katachi.jpg','koe_no_katachi_bg.png','Naoko Yamada','Reiko Yoshida','Koe no Katachi','2023-04-25 22:27:06','2023-04-25 22:27:06'),(20,'Akira','Uma grande explosão fez com que Tóquio fosse destruída em 1988. Em seu lugar foi construída Neo Tóquio, que, em 2019, sofre com atentados terroristas por toda a cidade. Kaneda (Mitsuo Iwata) e Tetsuo (Nozomu Sasaki) são amigos que integram uma gangue de motoqueiros. Eles disputam rachas violentos com uma gangue rival, os Palhaços, até que um dia Tetsuo encontra Takashi (Tatsuhiko Nakamura), uma estranha criança com poderes que fugiu do hospital onde era mantido como cobaia. Tetsuo é ferido no encontro e antes de receber a ajuda dos amigos é levado por integrantes do exército, liderados pelo coronel Shikishima (Tarô Ishida). A partir de então Tetsuo passa a desenvolver poderes inimagináveis, o que faz com que seja comparado ao lendário Akira, responsável pela explosão de 1988. Paralelamente, Kaneda se interessa por Kei (Mami Koyama), uma garota envolvida com espiões que tenta decifrar o enigma por trás das cobaias controladas pelo exército.',1991,124,'akira.jpg','akira_bg.jpg','Katsuhiro Ôtomo','Katsuhiro Ôtomo','Akira','2023-05-03 00:13:12','2023-05-03 00:13:12'),(21,'Your Name','Mitsuha Miyamizu é uma jovem que mora no interior do Japão e que deseja deixar sua pequena cidade para trás para tentar a sorte em Tóquio. Enquanto isso, Taki Tachibana, um jovem que trabalha em um restaurante italiano em Tóquio, deseja largar o seu emprego para tentar se tornar um arquiteto. Os dois não se conhecem, mas estão direta e misteriosamente conectados pelas imagens de seus sonhos.',2017,110,'kimi_no_na_wa.jpg','kimi_no_na_wa_bg.jpg','Makoto Shinkai','Makoto Shinkai','Kimi no na wa','2023-05-03 00:23:27','2023-05-03 23:58:46'),(22,'Garden of Words','Takao, um jovem de 15 anos que está treinando para ser sapateiro, decide faltar a escola em um dia chuvoso para desenhar sapatos no Jardim Nacional Shinjuku Gyoen. No local ele conhece uma mulher misteriosa de 27 anos, Yukino. Os dois acabam desenvolvendo uma amizade improvável, voltando a se encontrarem no mesmo local repetidas vezes, mas apenas em dias chuvosos.',2013,46,'kotonoha_no_niwa.jpg','kotonoha_no_niwa_bg.jpg','Makoto Shinkai','Makoto Shinkai','Kotonoha no Niwa','2023-05-03 00:33:02','2023-05-03 00:33:02'),(23,'Weathering with You','Em O Tempo com Você, durante o verão, Hodaka (Kotaro Daigo) foge de sua casa em uma ilha periférica para chegar a Tóquio. Ele não tem dinheiro mas, depois de muitos dias, acaba encontrando trabalho como escritor freelancer para uma revista duvidosa. Um dia, porém, Hodaka conhece uma garota no meio da agitação da cidade grande. Hina (Nana Mori) é uma garota alegre que vive sozinha com seu irmão mais novo, devido a uma série de circunstâncias. Ela tem um poder que deixa Hodaka impressionado: Hina pode controlar o tempo.',2019,111,'tenki_no_ko.jpg','tenki_no_ko_bg.jpg','Makoto Shinkai','Makoto Shinkai','Tenki no Ko','2023-05-03 01:02:26','2023-05-03 01:02:26'),(24,'Jujutsu Kaisen 0','Yuuta Okkotsu está assombrada. Desde que sua amiga de infância Rika morreu em um acidente de trânsito, seu fantasma ficou preso com ele. Mas seu espírito não aparece como a doce menina que Yuuta conheceu. Em vez disso, ela se manifesta como uma entidade monstruosa e poderosa que o protege ferozmente. Incapaz de controlar o comportamento violento de Rika, Yuuta é incapaz de impedir o derramamento de sangue que se segue à sua vingança brutal. Como resultado, quando apreendido por feiticeiros \"Jujutsu\" - os guardiões secretos do mundo, treinados para combater forças como Rika - Yuuta deseja ficar completamente isolado para que ninguém mais possa se machucar. No entanto, seu apreensor, o mestre feiticeiro Satoru Gojou, tem planos diferentes para ele: ele entrará na Escola de Ensino Médio Jujutsu e aprenderá a controlar Rika para ajudar as pessoas. Agora no primeiro ano da escola, Yuuta começa a aprender as artes do Jujutsu e a combater seres malignos. Ao lado de seus novos colegas de classe Maki Zenin, um especialista em armas de Jujutsu; Toge Inumaki, um feiticeiro que usa suas palavras como armas; e Panda, um urso panda aparentemente ambulante e falante, Yuuta começa a encontrar seu lugar no mundo e, pela primeira vez, a se sentir confortável com suas habilidades. No entanto, conforme seu treinamento progride, Yuuta aprende que os perigos do mundo do Jujutsu vão muito além dos espíritos malignos.',2021,105,'jujutsu_kaisen_0.jpg','jujutsu_kaisen_0_bg.jpg','Sunghoo Park','Hiroshi Seko','Jujutsu Kaisen 0','2023-05-03 01:17:21','2023-05-03 01:17:21'),(25,'A Garota que Conquistou o Tempo','Uma adolescente chamada Makoto Kono em seu terceiro ano do ensino médio passa por eventos estranhos até que descobre que ela tem a capacidade de viajar através do tempo. Assustada com seu novo poder e novas experiências Makoto confia em seus amigos Chiaki e Kousuke que inicalmente não acreditam em tal façanha. Com o tempo, ela tenta usá-lo para sua vantagem e como meio de ajudar o presente, mas logo descobre que adulteração do tempo pode levar a grandes consequências.',2006,98,'toki_o_kakeru_shoujo.jpg','toki_o_kakeru_shoujo_bg.jpg','Mamoru Hosoda','Yasutaka Tsutsui, Satoko Okudera','Toki o Kakeru Shoujo','2023-05-03 01:31:05','2023-05-03 01:31:05'),(26,'Coringa','Em Coringa, Arthur Fleck trabalha como palhaço para uma agência de talentos e, toda semana, precisa comparecer a uma agente social, devido aos seus conhecidos problemas mentais. Após ser demitido, Fleck reage mal à gozação de três homens em pleno metrô e os mata. Os assassinatos iniciam um movimento popular contra a elite de Gotham City, da qual Thomas Wayne é seu maior representante.',2019,122,'joker.jpg','joker_bg.webp','Todd Phillips','Todd Phillips, Scott Silver','Joker','2023-05-03 01:40:47','2023-05-05 21:08:14'),(27,'Batman: O Cavaleiro das Trevas','Após dois anos desde o surgimento do Batman, os criminosos de Gotham City têm muito o que temer. Com a ajuda do tenente James Gordon e do promotor público Harvey Dent, Batman luta contra o crime organizado. Acuados com o combate, os chefes do crime aceitam a proposta feita pelo Coringa e o contratam para combater o homem morcego.',2008,152,'the_dark_knight.jpg','the_dark_knight_bg.jpg','Christopher Nolan','Jonathan Nolan, Christopher Nolan','The Dark Knight','2023-05-03 01:50:46','2023-05-04 20:07:40'),(28,'O Homem da Terra','Uma festa de despedida improvisada para o professor John Oldman torna-se um misterioso interrogatório depois que o acadêmico aposentado revela a seus colegas que ele tem um passado mais longo e estranho do que eles podem imaginar.',2007,87,'o_homem_da_terra.jpg','o_homem_da_terra_bg.jpg','Richard Schenkman','Jerome Bixby','Man from Earth','2023-05-06 16:11:31','2023-05-06 16:16:53'),(29,'Extermínio 2','Seis meses após o vírus da raiva ter sido infligido à população da Grã-Bretanha, militares dos Estados Unidos ajudam a assegurar uma área de Londres para que os sobreviventes comecem de novo. Mas nem tudo corre de acordo com o planejado.',2007,100,'28_weeks_later.jpg','28_weeks_later_bg.jpg','Juan Carlos Fresnadillo','Rowan Joffe, Juan Carlos Fresnadillo, Enrique López Lavigne','28 Weeks Later','2023-05-06 16:24:02','2023-05-06 16:24:02'),(30,'Vírus','Um vírus mortal se espalhou por todo o planeta, fazendo com que ninguém seja confiável. Danny e seu irmão Brian, Bobby e Kate percorrem as estradas do oeste americano, rumo a uma praia isolada ligada à infância dos irmãos. Eles acreditam que lá estarão seguros. Só que no caminho o carro quebra, o que faz com que fiquem à beira de uma estrada abandonada. Logo eles encontram um carro estacionado, onde um homem precisa de ajuda para conseguir uma cura para sua filha, que está infectada. É o início de uma jornada onde eles precisam enfrentar não apenas o vírus mortal, mas também a desconfiança existente entre eles em uma luta desesperada para sobreviver.',2009,84,'virus.jpg','virus_bg.jpg','Àlex Pastor, David Pastor','Àlex Pastor, David Pastor','Carriers','2023-05-06 16:37:13','2023-05-06 17:11:14'),(31,'O Livro de Eli','Em um futuro não muito distante, 30 anos após o término da última guerra. Eli é um homem solitário, que percorre a América do Norte devastada. Ele apenas deseja paz, mas ao ser desafiado não foge à luta. Seu principal objetivo é proteger a esperança da humanidade, a qual guarda consigo há 30 anos, sendo que para tanto faz o que for preciso para sobreviver. O único que compreende seu intento é Carnegie, o autoproclamado déspota de uma cidade repleta de ladrões. Ao mesmo tempo Solara, a filha da companheira de Carnegie, fica fascinada com Eli pela possibilidade de que ele lhe mostre o que há além dos domínios que conhece. Só que Carnegie está disposto a impedir sua cruzada, para recuperar Solara e também conseguir o valioso objeto que Eli protege.',2010,109,'o_livro_de_eli.jpg','o_livro_de_eli_bg.jpeg','Albert Hughes, Allen Hughes','Gary Whitta','The Book of Eli','2023-05-06 16:50:26','2023-05-06 17:10:29'),(32,'Os 12 Macacos','No ano de 2035, James Cole aceita a missão de voltar ao passado para tentar decifrar um mistério envolvendo um vírus mortal que atacou grande parte da população mundial. Tomado como louco, no passado, ele tenta provar a sua sanidade para a médica Kathryn Railly, sua única esperança de mudar o futuro.',1995,130,'os_12_macacos.jpg','os_12_macacos_bg.jpg','Terry Gilliam','David Webb Peoples, Janet Peoples','12 Monkeys','2023-05-06 17:00:05','2023-05-06 17:08:44');
/*!40000 ALTER TABLE `filmes` ENABLE KEYS */;
UNLOCK TABLES;

--
-- Table structure for table `filmes_generos`
--

DROP TABLE IF EXISTS `filmes_generos`;
/*!40101 SET @saved_cs_client     = @@character_set_client */;
/*!50503 SET character_set_client = utf8mb4 */;
CREATE TABLE `filmes_generos` (
  `createdAt` datetime NOT NULL,
  `updatedAt` datetime NOT NULL,
  `filmeId` int NOT NULL,
  `generoId` int NOT NULL,
  PRIMARY KEY (`filmeId`,`generoId`),
  KEY `generoId` (`generoId`),
  CONSTRAINT `filmes_generos_ibfk_1` FOREIGN KEY (`filmeId`) REFERENCES `filmes` (`id`) ON DELETE CASCADE ON UPDATE CASCADE,
  CONSTRAINT `filmes_generos_ibfk_2` FOREIGN KEY (`generoId`) REFERENCES `generos` (`id`) ON DELETE CASCADE ON UPDATE CASCADE
) ENGINE=InnoDB DEFAULT CHARSET=utf8mb4 COLLATE=utf8mb4_0900_ai_ci;
/*!40101 SET character_set_client = @saved_cs_client */;

--
-- Dumping data for table `filmes_generos`
--

LOCK TABLES `filmes_generos` WRITE;
/*!40000 ALTER TABLE `filmes_generos` DISABLE KEYS */;
INSERT INTO `filmes_generos` VALUES ('2023-04-29 20:51:53','2023-04-29 20:51:53',1,11),('2023-04-29 20:59:17','2023-04-29 20:59:17',2,3),('2023-04-29 20:59:21','2023-04-29 20:59:21',2,7),('2023-04-29 20:59:14','2023-04-29 20:59:14',2,17),('2023-04-29 21:01:15','2023-04-29 21:01:15',3,13),('2023-04-29 21:01:00','2023-04-29 21:01:00',3,16),('2023-04-29 21:01:45','2023-04-29 21:01:45',4,1),('2023-04-29 21:01:50','2023-04-29 21:01:50',4,4),('2023-04-29 21:02:32','2023-04-29 21:02:32',5,1),('2023-04-29 21:02:41','2023-04-29 21:02:41',5,2),('2023-04-29 21:02:37','2023-04-29 21:02:37',5,4),('2023-04-29 21:03:12','2023-04-29 21:03:12',6,4),('2023-04-29 21:03:21','2023-04-29 21:03:21',6,5),('2023-04-29 21:03:48','2023-04-29 21:03:48',7,1),('2023-04-29 21:03:58','2023-04-29 21:03:58',7,6),('2023-04-29 21:03:53','2023-04-29 21:03:53',7,8),('2023-04-29 21:04:48','2023-04-29 21:04:48',8,2),('2023-04-29 21:04:44','2023-04-29 21:04:44',8,6),('2023-04-29 21:05:43','2023-04-29 21:05:43',9,2),('2023-04-29 21:05:47','2023-04-29 21:05:47',9,7),('2023-04-29 21:06:12','2023-04-29 21:06:12',10,5),('2023-04-29 21:06:17','2023-04-29 21:06:17',10,6),('2023-04-29 21:07:04','2023-04-29 21:07:04',11,5),('2023-04-29 21:07:24','2023-04-29 21:07:24',12,2),('2023-04-29 21:07:34','2023-04-29 21:07:34',12,5),('2023-04-29 21:07:29','2023-04-29 21:07:29',12,6),('2023-04-29 21:08:13','2023-04-29 21:08:13',13,7),('2023-04-29 21:08:31','2023-04-29 21:08:31',14,2),('2023-04-29 21:08:35','2023-04-29 21:08:35',14,4),('2023-04-29 21:08:59','2023-04-29 21:08:59',15,2),('2023-04-29 21:09:05','2023-04-29 21:09:05',15,13),('2023-05-03 01:07:44','2023-05-03 01:07:44',15,28),('2023-04-29 21:09:28','2023-04-29 21:09:28',16,4),('2023-04-29 21:09:34','2023-04-29 21:09:34',16,13),('2023-05-03 01:07:57','2023-05-03 01:07:57',16,28),('2023-04-29 21:09:56','2023-04-29 21:09:56',18,2),('2023-04-29 21:10:03','2023-04-29 21:10:03',18,13),('2023-05-03 01:07:12','2023-05-03 01:07:12',18,28),('2023-05-03 01:06:31','2023-05-03 01:06:31',19,2),('2023-05-03 01:06:43','2023-05-03 01:06:43',19,13),('2023-05-03 01:06:20','2023-05-03 01:06:20',19,28),('2023-05-03 00:13:42','2023-05-03 00:13:42',20,4),('2023-05-03 01:05:56','2023-05-03 01:05:56',20,28),('2023-05-03 00:25:46','2023-05-03 00:25:46',21,7),('2023-05-03 00:24:18','2023-05-03 00:24:18',21,13),('2023-05-03 01:05:46','2023-05-03 01:05:46',21,28),('2023-05-03 00:33:29','2023-05-03 00:33:29',22,2),('2023-05-03 00:33:36','2023-05-03 00:33:36',22,13),('2023-05-03 01:05:25','2023-05-03 01:05:25',22,28),('2023-05-03 01:03:08','2023-05-03 01:03:08',23,2),('2023-05-03 01:04:15','2023-05-03 01:04:15',23,7),('2023-05-03 01:03:15','2023-05-03 01:03:15',23,13),('2023-05-03 01:04:54','2023-05-03 01:04:54',23,28),('2023-05-03 01:18:28','2023-05-03 01:18:28',24,1),('2023-05-03 01:17:58','2023-05-03 01:17:58',24,2),('2023-05-03 01:18:34','2023-05-03 01:18:34',24,7),('2023-05-03 01:17:52','2023-05-03 01:17:52',24,28),('2023-05-03 01:32:39','2023-05-03 01:32:39',25,4),('2023-05-03 01:32:55','2023-05-03 01:32:55',25,13),('2023-05-03 01:32:30','2023-05-03 01:32:30',25,28),('2023-05-03 01:41:49','2023-05-03 01:41:49',26,2),('2023-05-04 20:11:40','2023-05-04 20:11:40',27,1),('2023-05-03 01:52:12','2023-05-03 01:52:12',27,6),('2023-05-06 16:16:13','2023-05-06 16:16:13',28,2),('2023-05-06 16:16:25','2023-05-06 16:16:25',28,7),('2023-05-06 16:16:17','2023-05-06 16:16:17',28,12),('2023-05-06 16:27:09','2023-05-06 16:27:09',29,4),('2023-05-06 16:26:39','2023-05-06 16:26:39',29,5),('2023-05-06 16:37:36','2023-05-06 16:37:36',30,2),('2023-05-06 16:38:19','2023-05-06 16:38:19',30,5),('2023-05-06 16:50:55','2023-05-06 16:50:55',31,4),('2023-05-06 17:00:59','2023-05-06 17:00:59',32,2),('2023-05-06 17:01:03','2023-05-06 17:01:03',32,4),('2023-05-06 17:01:11','2023-05-06 17:01:11',32,6);
/*!40000 ALTER TABLE `filmes_generos` ENABLE KEYS */;
UNLOCK TABLES;

--
-- Table structure for table `filmes_musicas`
--

DROP TABLE IF EXISTS `filmes_musicas`;
/*!40101 SET @saved_cs_client     = @@character_set_client */;
/*!50503 SET character_set_client = utf8mb4 */;
CREATE TABLE `filmes_musicas` (
  `createdAt` datetime NOT NULL,
  `updatedAt` datetime NOT NULL,
  `musicaId` int NOT NULL,
  `filmeId` int NOT NULL,
  PRIMARY KEY (`musicaId`,`filmeId`),
  KEY `filmeId` (`filmeId`),
  CONSTRAINT `filmes_musicas_ibfk_1` FOREIGN KEY (`musicaId`) REFERENCES `musicas` (`id`) ON DELETE CASCADE ON UPDATE CASCADE,
  CONSTRAINT `filmes_musicas_ibfk_2` FOREIGN KEY (`filmeId`) REFERENCES `filmes` (`id`) ON DELETE CASCADE ON UPDATE CASCADE
) ENGINE=InnoDB DEFAULT CHARSET=utf8mb4 COLLATE=utf8mb4_0900_ai_ci;
/*!40101 SET character_set_client = @saved_cs_client */;

--
-- Dumping data for table `filmes_musicas`
--

LOCK TABLES `filmes_musicas` WRITE;
/*!40000 ALTER TABLE `filmes_musicas` DISABLE KEYS */;
INSERT INTO `filmes_musicas` VALUES ('2023-04-26 04:31:34','2023-04-26 04:31:34',1,15),('2023-04-26 03:44:31','2023-04-26 03:44:31',2,1),('2023-04-26 03:45:09','2023-04-26 03:45:09',3,1),('2023-04-26 03:45:15','2023-04-26 03:45:15',4,1),('2023-04-26 14:30:19','2023-04-26 14:30:19',5,1),('2023-04-26 14:31:35','2023-04-26 14:31:35',6,1),('2023-04-26 14:33:59','2023-04-26 14:33:59',7,1),('2023-04-26 14:36:06','2023-04-26 14:36:06',8,1),('2023-04-26 14:38:18','2023-04-26 14:38:18',9,1),('2023-04-26 14:41:11','2023-04-26 14:41:11',10,1),('2023-04-26 14:43:11','2023-04-26 14:43:11',11,1),('2023-04-26 14:49:53','2023-04-26 14:49:53',12,2),('2023-04-26 15:05:28','2023-04-26 15:05:28',13,2),('2023-04-26 15:11:06','2023-04-26 15:11:06',14,2),('2023-04-26 15:15:30','2023-04-26 15:15:30',15,2),('2023-04-26 15:20:35','2023-04-26 15:20:35',16,2),('2023-04-26 15:23:05','2023-04-26 15:23:05',17,2),('2023-04-26 15:24:14','2023-04-26 15:24:14',18,2),('2023-04-26 15:27:54','2023-04-26 15:27:54',19,2),('2023-04-26 15:30:26','2023-04-26 15:30:26',20,2),('2023-04-26 15:43:18','2023-04-26 15:43:18',21,2),('2023-04-26 15:44:55','2023-04-26 15:44:55',22,2),('2023-04-26 15:48:03','2023-04-26 15:48:03',23,2),('2023-04-26 15:50:22','2023-04-26 15:50:22',24,2),('2023-04-26 15:52:07','2023-04-26 15:52:07',25,2),('2023-04-26 15:58:47','2023-04-26 15:58:47',26,2),('2023-04-26 16:04:28','2023-04-26 16:04:28',27,3),('2023-04-26 16:09:20','2023-04-26 16:09:20',28,3),('2023-04-26 16:10:29','2023-04-26 16:10:29',29,3),('2023-04-26 16:14:49','2023-04-26 16:14:49',30,3),('2023-04-26 16:16:32','2023-04-26 16:16:32',31,3),('2023-04-26 16:18:45','2023-04-26 16:18:45',32,3),('2023-04-26 16:20:42','2023-04-26 16:20:42',33,3),('2023-04-26 16:22:11','2023-04-26 16:22:11',34,3),('2023-04-26 16:23:15','2023-04-26 16:23:15',35,3),('2023-04-26 16:26:08','2023-04-26 16:26:08',36,3),('2023-04-26 16:28:07','2023-04-26 16:28:07',37,3),('2023-04-26 16:29:41','2023-04-26 16:29:41',38,3),('2023-04-26 16:30:37','2023-04-26 16:30:37',39,3),('2023-04-26 16:36:36','2023-04-26 16:36:36',40,3),('2023-04-26 16:46:36','2023-04-26 16:46:36',41,3),('2023-04-26 16:47:44','2023-04-26 16:47:44',42,3),('2023-04-26 16:50:42','2023-04-26 16:50:42',43,3),('2023-04-26 16:51:44','2023-04-26 16:51:44',44,3),('2023-04-26 16:52:58','2023-04-26 16:52:58',45,3),('2023-04-26 16:54:15','2023-04-26 16:54:15',46,3),('2023-04-26 16:55:27','2023-04-26 16:55:27',47,3),('2023-04-26 16:56:36','2023-04-26 16:56:36',48,3),('2023-04-26 16:59:28','2023-04-26 16:59:28',49,3),('2023-04-26 17:01:18','2023-04-26 17:01:18',50,3),('2023-04-26 17:03:33','2023-04-26 17:03:33',51,3),('2023-04-26 17:05:09','2023-04-26 17:05:09',52,3),('2023-04-26 17:06:43','2023-04-26 17:06:43',53,3),('2023-04-26 17:08:00','2023-04-26 17:08:00',54,3),('2023-04-26 17:09:25','2023-04-26 17:09:25',55,3),('2023-04-26 17:10:12','2023-04-26 17:10:12',56,3),('2023-04-26 17:11:11','2023-04-26 17:11:11',57,3),('2023-04-26 17:11:54','2023-04-26 17:11:54',58,3),('2023-04-26 17:13:22','2023-04-26 17:13:22',60,3),('2023-04-26 17:14:00','2023-04-26 17:14:00',61,3),('2023-04-26 17:30:46','2023-04-26 17:30:46',62,6),('2023-05-06 16:28:51','2023-05-06 16:28:51',62,29),('2023-04-26 17:55:00','2023-04-26 17:55:00',63,7),('2023-04-26 18:06:33','2023-04-26 18:06:33',64,5),('2023-04-26 18:07:56','2023-04-26 18:07:56',65,5),('2023-04-26 18:09:06','2023-04-26 18:09:06',66,5),('2023-04-26 18:10:19','2023-04-26 18:10:19',67,5),('2023-04-26 18:11:20','2023-04-26 18:11:20',68,5),('2023-04-26 18:12:26','2023-04-26 18:12:26',69,5),('2023-04-26 18:18:50','2023-04-26 18:18:50',70,5),('2023-04-26 18:19:56','2023-04-26 18:19:56',71,5),('2023-04-26 18:20:46','2023-04-26 18:20:46',72,5),('2023-04-26 18:26:28','2023-04-26 18:26:28',73,5),('2023-04-26 18:29:38','2023-04-26 18:29:38',74,5),('2023-04-26 18:35:26','2023-04-26 18:35:26',75,5),('2023-04-26 20:33:50','2023-04-26 20:33:50',76,7),('2023-04-26 20:35:12','2023-04-26 20:35:12',77,7),('2023-04-26 20:36:04','2023-04-26 20:36:04',78,7),('2023-04-26 20:41:49','2023-04-26 20:41:49',79,7),('2023-04-26 20:44:47','2023-04-26 20:44:47',80,7),('2023-04-26 20:45:30','2023-04-26 20:45:30',81,7),('2023-04-26 20:46:16','2023-04-26 20:46:16',82,7),('2023-04-26 20:46:58','2023-04-26 20:46:58',83,7),('2023-04-26 20:47:36','2023-04-26 20:47:36',84,7),('2023-04-26 20:48:23','2023-04-26 20:48:23',85,7),('2023-04-26 20:49:05','2023-04-26 20:49:05',86,7),('2023-04-26 20:49:47','2023-04-26 20:49:47',87,7),('2023-04-26 20:50:25','2023-04-26 20:50:25',88,7),('2023-04-26 20:51:01','2023-04-26 20:51:01',89,7),('2023-04-26 20:51:38','2023-04-26 20:51:38',90,7),('2023-04-26 20:52:24','2023-04-26 20:52:24',91,7),('2023-04-26 20:53:05','2023-04-26 20:53:05',92,7),('2023-04-26 20:53:40','2023-04-26 20:53:40',93,7),('2023-04-26 20:54:20','2023-04-26 20:54:20',94,7),('2023-04-26 20:55:24','2023-04-26 20:55:24',95,7),('2023-04-26 21:18:37','2023-04-26 21:18:37',96,4),('2023-04-26 21:19:57','2023-04-26 21:19:57',97,4),('2023-04-26 21:21:58','2023-04-26 21:21:58',98,4),('2023-04-26 21:24:50','2023-04-26 21:24:50',99,4),('2023-04-26 21:25:41','2023-04-26 21:25:41',100,4),('2023-04-26 21:26:25','2023-04-26 21:26:25',101,4),('2023-04-26 21:27:58','2023-04-26 21:27:58',102,4),('2023-04-26 21:29:20','2023-04-26 21:29:20',103,4),('2023-04-26 21:30:20','2023-04-26 21:30:20',104,4),('2023-04-26 21:31:22','2023-04-26 21:31:22',105,4),('2023-04-26 21:32:32','2023-04-26 21:32:32',106,4),('2023-04-26 21:33:46','2023-04-26 21:33:46',107,4),('2023-04-26 21:34:30','2023-04-26 21:34:30',108,4),('2023-04-26 21:36:54','2023-04-26 21:36:54',109,4),('2023-04-26 21:37:37','2023-04-26 21:37:37',110,4),('2023-04-26 21:38:26','2023-04-26 21:38:26',111,4),('2023-04-26 21:39:57','2023-04-26 21:39:57',112,4),('2023-04-26 21:40:44','2023-04-26 21:40:44',113,4),('2023-04-26 21:41:46','2023-04-26 21:41:46',114,4),('2023-04-26 21:42:22','2023-04-26 21:42:22',115,4),('2023-04-26 21:43:15','2023-04-26 21:43:15',116,4),('2023-04-26 21:44:18','2023-04-26 21:44:18',117,4),('2023-04-26 21:44:56','2023-04-26 21:44:56',118,4),('2023-04-26 21:45:33','2023-04-26 21:45:33',119,4),('2023-04-26 21:46:15','2023-04-26 21:46:15',120,4),('2023-04-26 21:46:51','2023-04-26 21:46:51',121,4),('2023-04-26 21:48:26','2023-04-26 21:48:26',122,4),('2023-04-26 21:50:14','2023-04-26 21:50:14',123,4),('2023-04-26 21:51:33','2023-04-26 21:51:33',124,4),('2023-04-26 21:52:17','2023-04-26 21:52:17',125,4),('2023-04-26 21:52:51','2023-04-26 21:52:51',126,4),('2023-04-26 21:53:27','2023-04-26 21:53:27',127,4),('2023-04-26 21:54:20','2023-04-26 21:54:20',128,4),('2023-04-26 21:55:07','2023-04-26 21:55:07',129,4),('2023-04-26 21:57:05','2023-04-26 21:57:05',130,4),('2023-04-26 21:57:43','2023-04-26 21:57:43',131,4),('2023-04-26 21:58:35','2023-04-26 21:58:35',132,4),('2023-04-26 21:59:15','2023-04-26 21:59:15',133,4),('2023-04-26 21:59:53','2023-04-26 21:59:53',134,4),('2023-04-26 22:00:32','2023-04-26 22:00:32',135,4),('2023-04-26 22:01:05','2023-04-26 22:01:05',136,4),('2023-04-26 22:01:42','2023-04-26 22:01:42',137,4),('2023-04-26 22:02:21','2023-04-26 22:02:21',138,4),('2023-04-26 22:02:55','2023-04-26 22:02:55',139,4),('2023-04-26 22:03:28','2023-04-26 22:03:28',140,4),('2023-04-26 22:04:06','2023-04-26 22:04:06',141,4),('2023-04-26 22:04:42','2023-04-26 22:04:42',142,4),('2023-04-26 22:05:13','2023-04-26 22:05:13',143,4),('2023-04-26 22:06:03','2023-04-26 22:06:03',144,4),('2023-04-26 22:06:42','2023-04-26 22:06:42',145,4),('2023-04-26 22:07:24','2023-04-26 22:07:24',146,4),('2023-04-26 22:07:58','2023-04-26 22:07:58',147,4),('2023-04-26 22:08:32','2023-04-26 22:08:32',148,4),('2023-04-26 22:09:04','2023-04-26 22:09:04',149,4),('2023-04-27 17:20:29','2023-04-27 17:20:29',150,6),('2023-04-27 17:22:35','2023-04-27 17:22:35',151,6),('2023-04-27 17:24:20','2023-04-27 17:24:20',152,6),('2023-04-27 17:25:46','2023-04-27 17:25:46',153,6),('2023-04-27 17:27:37','2023-04-27 17:27:37',154,6),('2023-04-27 17:28:37','2023-04-27 17:28:37',155,6),('2023-04-27 17:29:50','2023-04-27 17:29:50',156,6),('2023-04-27 17:31:20','2023-04-27 17:31:20',157,6),('2023-04-27 17:32:13','2023-04-27 17:32:13',158,6),('2023-04-27 17:33:21','2023-04-27 17:33:21',159,6),('2023-04-27 17:35:14','2023-04-27 17:35:14',160,6),('2023-04-27 17:37:02','2023-04-27 17:37:02',161,6),('2023-04-27 17:38:36','2023-04-27 17:38:36',162,6),('2023-04-27 17:43:35','2023-04-27 17:43:35',163,8),('2023-04-27 17:44:55','2023-04-27 17:44:55',164,8),('2023-04-27 17:45:43','2023-04-27 17:45:43',165,8),('2023-04-27 17:48:28','2023-04-27 17:48:28',166,8),('2023-04-27 17:55:14','2023-04-27 17:55:14',167,8),('2023-04-27 18:01:17','2023-04-27 18:01:17',168,8),('2023-04-27 18:01:10','2023-04-27 18:01:10',169,8),('2023-04-27 17:59:32','2023-04-27 17:59:32',170,8),('2023-04-27 18:29:35','2023-04-27 18:29:35',171,8),('2023-04-27 19:26:12','2023-04-27 19:26:12',172,15),('2023-04-27 19:28:12','2023-04-27 19:28:12',173,15),('2023-04-27 19:31:40','2023-04-27 19:31:40',174,9),('2023-04-27 19:32:31','2023-04-27 19:32:31',175,9),('2023-04-27 19:33:32','2023-04-27 19:33:32',176,9),('2023-04-27 19:34:25','2023-04-27 19:34:25',177,9),('2023-04-27 19:35:01','2023-04-27 19:35:01',178,9),('2023-04-27 19:38:11','2023-04-27 19:38:11',179,9),('2023-04-27 19:39:06','2023-04-27 19:39:06',180,9),('2023-04-27 19:40:01','2023-04-27 19:40:01',181,9),('2023-04-27 19:41:26','2023-04-27 19:41:26',182,9),('2023-04-27 19:43:26','2023-04-27 19:43:26',183,9),('2023-04-27 19:46:05','2023-04-27 19:46:05',184,9),('2023-04-27 19:49:19','2023-04-27 19:49:19',185,10),('2023-04-27 19:50:28','2023-04-27 19:50:28',186,10),('2023-04-27 19:55:00','2023-04-27 19:55:00',187,11),('2023-04-27 19:57:50','2023-04-27 19:57:50',188,11),('2023-04-27 19:58:50','2023-04-27 19:58:50',189,11),('2023-04-27 20:01:58','2023-04-27 20:01:58',190,11),('2023-04-27 20:07:02','2023-04-27 20:07:02',191,11),('2023-04-27 20:07:43','2023-04-27 20:07:43',192,11),('2023-04-27 20:08:42','2023-04-27 20:08:42',193,11),('2023-04-27 20:10:20','2023-04-27 20:10:20',194,11),('2023-04-27 20:11:28','2023-04-27 20:11:28',195,11),('2023-04-27 20:12:31','2023-04-27 20:12:31',196,11),('2023-04-27 20:23:31','2023-04-27 20:23:31',198,11),('2023-04-27 20:24:36','2023-04-27 20:24:36',199,11),('2023-04-27 20:25:15','2023-04-27 20:25:15',200,11),('2023-04-27 20:28:15','2023-04-27 20:28:15',201,11),('2023-04-27 20:29:11','2023-04-27 20:29:11',202,11),('2023-04-27 20:31:22','2023-04-27 20:31:22',203,12),('2023-04-27 20:34:36','2023-04-27 20:34:36',204,12),('2023-04-27 20:37:38','2023-04-27 20:37:38',205,13),('2023-04-27 20:39:31','2023-04-27 20:39:31',206,13),('2023-04-27 20:41:14','2023-04-27 20:41:14',207,13),('2023-04-27 20:42:02','2023-04-27 20:42:02',208,13),('2023-04-27 20:42:54','2023-04-27 20:42:54',209,13),('2023-04-27 20:43:33','2023-04-27 20:43:33',210,13),('2023-04-27 20:47:42','2023-04-27 20:47:42',212,13),('2023-04-27 20:49:33','2023-04-27 20:49:33',213,13),('2023-04-27 20:50:22','2023-04-27 20:50:22',214,13),('2023-04-27 21:56:53','2023-04-27 21:56:53',215,14),('2023-04-27 21:57:34','2023-04-27 21:57:34',216,14),('2023-04-27 21:58:22','2023-04-27 21:58:22',217,14),('2023-04-27 21:58:59','2023-04-27 21:58:59',218,14),('2023-04-27 21:59:38','2023-04-27 21:59:38',219,14),('2023-04-27 22:03:41','2023-04-27 22:03:41',220,14),('2023-04-27 22:04:27','2023-04-27 22:04:27',221,14),('2023-04-27 22:05:11','2023-04-27 22:05:11',222,14),('2023-04-27 22:10:40','2023-04-27 22:10:40',223,14),('2023-04-27 22:11:25','2023-04-27 22:11:25',224,14),('2023-04-27 22:12:13','2023-04-27 22:12:13',225,14),('2023-04-27 22:13:00','2023-04-27 22:13:00',226,14),('2023-04-27 22:14:35','2023-04-27 22:14:35',227,14),('2023-04-27 22:15:38','2023-04-27 22:15:38',228,14),('2023-04-27 22:16:11','2023-04-27 22:16:11',229,14),('2023-04-27 22:17:18','2023-04-27 22:17:18',230,14),('2023-04-27 22:17:56','2023-04-27 22:17:56',231,14),('2023-04-27 22:18:41','2023-04-27 22:18:41',232,14),('2023-04-27 22:20:19','2023-04-27 22:20:19',233,14),('2023-04-27 22:21:02','2023-04-27 22:21:02',234,14),('2023-04-27 22:21:58','2023-04-27 22:21:58',235,14),('2023-04-27 22:24:23','2023-04-27 22:24:23',237,14),('2023-04-27 22:25:33','2023-04-27 22:25:33',238,14),('2023-04-27 22:26:54','2023-04-27 22:26:54',240,14),('2023-04-27 22:27:25','2023-04-27 22:27:25',241,14),('2023-04-27 22:28:30','2023-04-27 22:28:30',242,14),('2023-04-27 22:29:59','2023-04-27 22:29:59',243,14),('2023-04-27 22:31:15','2023-04-27 22:31:15',244,14),('2023-04-27 22:32:32','2023-04-27 22:32:32',245,14),('2023-04-27 22:33:21','2023-04-27 22:33:21',246,14),('2023-04-27 22:34:07','2023-04-27 22:34:07',247,14),('2023-04-27 23:08:59','2023-04-27 23:08:59',248,16),('2023-04-27 23:11:24','2023-04-27 23:11:24',249,19),('2023-04-27 23:13:13','2023-04-27 23:13:13',250,19),('2023-04-27 23:14:49','2023-04-27 23:14:49',251,19),('2023-05-06 17:19:53','2023-05-06 17:19:53',253,28),('2023-05-06 17:22:30','2023-05-06 17:22:30',254,28),('2023-05-06 17:28:07','2023-05-06 17:28:07',255,32),('2023-05-06 17:30:03','2023-05-06 17:30:03',256,32),('2023-05-06 17:31:20','2023-05-06 17:31:20',257,32),('2023-05-06 17:32:45','2023-05-06 17:32:45',258,32),('2023-05-06 17:36:24','2023-05-06 17:36:24',259,32),('2023-05-06 17:37:39','2023-05-06 17:37:39',260,32),('2023-05-06 17:38:24','2023-05-06 17:38:24',261,32),('2023-05-06 17:39:32','2023-05-06 17:39:32',262,32),('2023-05-06 17:40:18','2023-05-06 17:40:18',263,32),('2023-05-06 17:41:31','2023-05-06 17:41:31',264,32),('2023-05-06 17:45:40','2023-05-06 17:45:40',265,32),('2023-05-06 20:43:57','2023-05-06 20:43:57',266,27),('2023-05-06 18:47:29','2023-05-06 18:47:29',266,32),('2023-05-06 18:57:15','2023-05-06 18:57:15',267,26),('2023-05-06 18:58:10','2023-05-06 18:58:10',268,26),('2023-05-06 18:59:23','2023-05-06 18:59:23',269,26),('2023-05-06 19:03:12','2023-05-06 19:03:12',270,26),('2023-05-06 19:03:58','2023-05-06 19:03:58',271,26),('2023-05-06 19:27:29','2023-05-06 19:27:29',272,26),('2023-05-06 19:28:28','2023-05-06 19:28:28',273,26),('2023-05-06 19:29:27','2023-05-06 19:29:27',274,26),('2023-05-06 19:31:28','2023-05-06 19:31:28',275,26),('2023-05-06 19:32:12','2023-05-06 19:32:12',276,26),('2023-05-06 19:33:42','2023-05-06 19:33:42',277,26),('2023-05-06 19:37:56','2023-05-06 19:37:56',278,26),('2023-05-06 19:40:17','2023-05-06 19:40:17',279,26),('2023-05-06 19:41:27','2023-05-06 19:41:27',280,26),('2023-05-06 19:42:15','2023-05-06 19:42:15',281,26),('2023-05-06 19:47:22','2023-05-06 19:47:22',282,26),('2023-05-06 19:49:53','2023-05-06 19:49:53',283,26),('2023-05-06 19:55:05','2023-05-06 19:55:05',284,29),('2023-05-06 19:56:19','2023-05-06 19:56:19',285,29),('2023-05-06 19:56:54','2023-05-06 19:56:54',286,29),('2023-05-06 19:57:38','2023-05-06 19:57:38',287,29),('2023-05-06 20:41:52','2023-05-06 20:41:52',288,27),('2023-05-06 20:43:12','2023-05-06 20:43:12',289,27),('2023-05-06 20:45:43','2023-05-06 20:45:43',290,31),('2023-05-06 20:46:53','2023-05-06 20:46:53',291,31),('2023-05-06 20:47:37','2023-05-06 20:47:37',292,31),('2023-05-06 20:48:20','2023-05-06 20:48:20',293,31),('2023-05-06 20:50:47','2023-05-06 20:50:47',294,30),('2023-05-06 20:54:40','2023-05-06 20:54:40',295,30),('2023-05-06 20:55:26','2023-05-06 20:55:26',296,30),('2023-05-06 20:56:08','2023-05-06 20:56:08',297,30),('2023-05-06 20:57:02','2023-05-06 20:57:02',298,30);
/*!40000 ALTER TABLE `filmes_musicas` ENABLE KEYS */;
UNLOCK TABLES;

--
-- Table structure for table `generos`
--

DROP TABLE IF EXISTS `generos`;
/*!40101 SET @saved_cs_client     = @@character_set_client */;
/*!50503 SET character_set_client = utf8mb4 */;
CREATE TABLE `generos` (
  `id` int NOT NULL AUTO_INCREMENT,
  `nome` varchar(255) NOT NULL,
  `createdAt` datetime NOT NULL,
  `updatedAt` datetime NOT NULL,
  PRIMARY KEY (`id`),
  UNIQUE KEY `nome` (`nome`)
) ENGINE=InnoDB AUTO_INCREMENT=29 DEFAULT CHARSET=utf8mb4 COLLATE=utf8mb4_0900_ai_ci;
/*!40101 SET character_set_client = @saved_cs_client */;

--
-- Dumping data for table `generos`
--

LOCK TABLES `generos` WRITE;
/*!40000 ALTER TABLE `generos` DISABLE KEYS */;
INSERT INTO `generos` VALUES (1,'Ação','2023-04-29 19:42:52','2023-04-29 19:42:52'),(2,'Drama','2023-04-29 19:43:46','2023-04-29 19:43:46'),(3,'Comédia','2023-04-29 19:43:50','2023-04-29 19:43:50'),(4,'Ficção Científica','2023-04-29 19:44:05','2023-04-29 19:44:05'),(5,'Terror','2023-04-29 19:44:13','2023-04-29 19:44:13'),(6,'Suspense','2023-04-29 19:44:38','2023-04-29 19:44:38'),(7,'Fantasia','2023-04-29 19:44:59','2023-04-29 19:44:59'),(8,'Policial','2023-04-29 19:45:48','2023-04-29 19:45:48'),(9,'Thriller','2023-04-29 19:47:16','2023-04-29 19:47:16'),(10,'Documentário','2023-04-29 19:47:47','2023-04-29 19:47:47'),(11,'Comédia Romântica','2023-04-29 19:48:20','2023-04-29 19:48:20'),(12,'Mistério','2023-04-29 19:48:32','2023-04-29 19:48:32'),(13,'Romance','2023-04-29 19:48:51','2023-04-29 19:48:51'),(14,'Faroeste','2023-04-29 19:49:08','2023-04-29 19:49:08'),(15,'Dança','2023-04-29 19:49:18','2023-04-29 19:49:18'),(16,'Comédia Dramatica','2023-04-29 19:49:25','2023-04-29 19:49:25'),(17,'Aventura','2023-04-29 19:49:33','2023-04-29 19:49:33'),(18,'Musical','2023-04-29 19:49:49','2023-04-29 19:49:49'),(19,'Shounen','2023-04-29 19:50:17','2023-04-29 19:50:17'),(20,'Seinen','2023-04-29 19:50:19','2023-04-29 19:50:19'),(21,'Shoujo','2023-04-29 19:51:06','2023-04-29 19:51:06'),(22,'Josei','2023-04-29 19:51:14','2023-04-29 19:51:14'),(23,'Ecchi','2023-04-29 19:51:25','2023-04-29 19:51:25'),(24,'Harem','2023-04-29 19:51:32','2023-04-29 19:51:32'),(25,'Isekai','2023-04-29 19:51:46','2023-04-29 19:51:46'),(26,'Mecha','2023-04-29 19:51:56','2023-04-29 19:51:56'),(27,'Slice of Life','2023-04-29 19:52:05','2023-04-29 19:52:05'),(28,'Animação','2023-05-03 01:04:39','2023-05-03 01:04:39');
/*!40000 ALTER TABLE `generos` ENABLE KEYS */;
UNLOCK TABLES;

--
-- Table structure for table `musicas`
--

DROP TABLE IF EXISTS `musicas`;
/*!40101 SET @saved_cs_client     = @@character_set_client */;
/*!50503 SET character_set_client = utf8mb4 */;
CREATE TABLE `musicas` (
  `id` int NOT NULL AUTO_INCREMENT,
  `titulo` varchar(255) NOT NULL,
  `youtube` varchar(255) DEFAULT NULL,
  `artista` varchar(255) NOT NULL,
  `createdAt` datetime NOT NULL,
  `updatedAt` datetime NOT NULL,
  PRIMARY KEY (`id`)
) ENGINE=InnoDB AUTO_INCREMENT=299 DEFAULT CHARSET=utf8mb4 COLLATE=utf8mb4_0900_ai_ci;
/*!40101 SET character_set_client = @saved_cs_client */;

--
-- Dumping data for table `musicas`
--

LOCK TABLES `musicas` WRITE;
/*!40000 ALTER TABLE `musicas` DISABLE KEYS */;
INSERT INTO `musicas` VALUES (1,'One more time, One more chance','https://www.youtube.com/watch?v=BqFftJDXii0','Masayoshi Yamazaki','2023-04-25 23:15:57','2023-04-25 23:15:57'),(2,'Il Mondo','https://www.youtube.com/watch?v=H-VqGfKjvns','Jimmy Fontana','2023-04-25 23:22:00','2023-04-25 23:22:00'),(3,'How long will I love you','https://www.youtube.com/watch?v=aSgU0gNL2Ac','Jon Boden, Sam Sweeney & Ben Coleman','2023-04-25 23:27:35','2023-04-25 23:27:35'),(4,'Friday I\'m In Love','https://www.youtube.com/watch?v=mGgMZpGYiy8','The Cure','2023-04-25 23:28:56','2023-04-25 23:28:56'),(5,'About Time Theme','https://www.youtube.com/watch?v=9p072D8BQv0','Nick Laird-Clowes','2023-04-26 14:29:25','2023-04-26 14:29:25'),(6,'Golborne Road','https://www.youtube.com/watch?v=szL9VsyHWWs','Nick Laird-Clowes','2023-04-26 14:31:17','2023-04-26 14:31:17'),(7,'Mid Air','https://www.youtube.com/watch?v=-Ha6EjRcdJ0','Paul Buchanan','2023-04-26 14:33:52','2023-04-26 14:33:52'),(8,'The Luckiest','https://www.youtube.com/watch?v=f9bRmuP-kQY','Ben Folds','2023-04-26 14:35:59','2023-04-26 14:35:59'),(9,'Gold In Them Hills','https://www.youtube.com/watch?v=iVnkd_ls6xE','Ron Sexsmith','2023-04-26 14:38:11','2023-04-26 14:38:11'),(10,'When I Fall in Love','https://www.youtube.com/watch?v=1Axgo8yT7ew','Barbar Gough','2023-04-26 14:41:05','2023-04-26 14:41:05'),(11,'At the River','https://www.youtube.com/watch?v=m-uztVX6QFQ','Groove Armada','2023-04-26 14:43:03','2023-04-26 14:43:03'),(12,'Black Sheep','https://www.google.com/url?sa=t&rct=j&q=&esrc=s&source=video&cd=&cad=rja&uact=8&ved=2ahUKEwjzn__D5cf-AhUyrpUCHbCGA24QtwJ6BAgHEAI&url=https%3A%2F%2Fwww.youtube.com%2Fwatch%3Fv%3D2w608EMt9mU&usg=AOvVaw2frWiLkYrQGU2l_33pqaKz','Metric','2023-04-26 14:49:39','2023-04-26 14:49:39'),(13,'Ramona','https://www.youtube.com/watch?v=e3yZ9OVjzbE','Beck','2023-04-26 15:05:19','2023-04-26 15:05:19'),(14,'Black Sheep (Brie Larson Vocal Version)','https://www.youtube.com/watch?v=RAut3N1uZuI','Metric','2023-04-26 15:10:52','2023-04-26 15:10:52'),(15,'Garbage Truck','https://www.youtube.com/watch?v=fhGu2CDqQqo','Sex Bob-Omb','2023-04-26 15:15:06','2023-04-26 15:15:06'),(16,'We Are Sex Bob-Omb','https://www.youtube.com/watch?v=BiLjTIeosBk','Sex Bob-Omb','2023-04-26 15:20:25','2023-04-26 15:20:25'),(17,'We Hate You Please Die','https://www.youtube.com/watch?v=o7PKAnaHlis','Crash and the Boys','2023-04-26 15:22:56','2023-04-26 15:22:56'),(18,'Threshold','https://www.youtube.com/watch?v=MqHjZ6IG12Q','Sex Bob-Omb','2023-04-26 15:24:07','2023-04-26 15:24:07'),(19,'Summertime','https://www.youtube.com/watch?v=KvBXwomIYWo','Sex Bob-Omb','2023-04-26 15:27:45','2023-04-26 15:27:45'),(20,'I Heard Ramona Sing','https://www.youtube.com/watch?v=aCD1jYQwavo','Frank Black','2023-04-26 15:30:17','2023-04-26 15:30:17'),(21,'Scott Pilgrim','https://www.youtube.com/watch?v=KaxuDUcu55M','Plumtree','2023-04-26 15:42:59','2023-04-26 15:42:59'),(22,'Slick (Patel\'s Song)','https://www.youtube.com/watch?v=8oqOiFVqxHM','Dan the Automator','2023-04-26 15:44:43','2023-04-26 15:44:43'),(23,'Katayanagi Twins vs. Sex Bob-Omb','https://www.youtube.com/watch?v=xu7VnUzOhSY','Beck','2023-04-26 15:47:53','2023-04-26 15:47:53'),(24,'Ninja Ninja Revolution','https://www.youtube.com/watch?v=5xhxmerVNrY','Dan the Automator','2023-04-26 15:50:13','2023-04-26 15:50:13'),(25,'It\'s Getting Boring By The Sea','https://www.youtube.com/watch?v=ap2oXTQBSfk','Blood Red Shoes','2023-04-26 15:51:59','2023-04-26 15:51:59'),(26,'Love Me Some Walking','https://www.youtube.com/watch?v=e__Z-UpU01U','Nigel Godrich','2023-04-26 15:58:36','2023-04-26 15:58:36'),(27,'Heroes','https://www.youtube.com/watch?v=lXgkuM2NhYI','David Bowie','2023-04-26 16:04:17','2023-04-26 16:04:17'),(28,'Could It Be Another Change','https://www.youtube.com/watch?v=vz6J5fGX2kc','The Samples','2023-04-26 16:09:10','2023-04-26 16:09:10'),(29,'Asleep','https://www.youtube.com/watch?v=5mF4pKSi2SU','The Smiths','2023-04-26 16:10:15','2023-04-26 16:10:15'),(30,'Tugboat','https://www.youtube.com/watch?v=FUFWkuMY6xM','Galaxie 500','2023-04-26 16:14:38','2023-04-26 16:14:38'),(31,'Come On Eileen','https://www.youtube.com/watch?v=GbpnAGajyMc','Dexys Midnight Runners','2023-04-26 16:16:20','2023-04-26 16:16:20'),(32,'Eternity With You','https://www.youtube.com/watch?v=jvTKrug7FNU','Robert & Johnny','2023-04-26 16:18:34','2023-04-26 16:18:34'),(33,'Evensong','https://www.youtube.com/watch?v=b0o3Awx1McM','The Innocence Mission','2023-04-26 16:20:33','2023-04-26 16:20:33'),(34,'Acid','https://www.youtube.com/watch?v=4T_mKbdX3ec','Michael Brook','2023-04-26 16:22:02','2023-04-26 16:22:02'),(35,'Kiss Breakdown','https://www.youtube.com/watch?v=H5KL-E2EHII','Michael Brook','2023-04-26 16:23:07','2023-04-26 16:23:07'),(36,'Teen Age Riot','https://www.youtube.com/watch?v=x9r0renJWuY','Sonic Youth','2023-04-26 16:25:57','2023-04-26 16:25:57'),(37,'Pearly-Dewdrops’ Drops','https://www.youtube.com/watch?v=s-5Xgw6d3h0','Cocteau Twins','2023-04-26 16:27:57','2023-04-26 16:27:57'),(38,'Touch-A, Touch-A, Touch Me','https://youtube.com/watch?v=6eD-H3a8D6E','Susan Sarandon','2023-04-26 16:29:32','2023-04-26 16:29:32'),(39,'Pretend We\'re Dead','https://www.youtube.com/watch?v=NAdlZ2F-fs8','L7','2023-04-26 16:30:29','2023-04-26 16:30:29'),(40,'Temptation','https://www.youtube.com/watch?v=xxDv_RTdLQo','New Order','2023-04-26 16:36:28','2023-04-26 16:36:28'),(41,'Dear God','https://www.youtube.com/watch?v=p554R-Jq43A','XTC','2023-04-26 16:46:30','2023-04-26 16:46:30'),(42,'All Out Of Love','https://www.youtube.com/watch?v=JWdZEumNRmI','Air Supply','2023-04-26 16:47:38','2023-04-26 16:47:38'),(43,'Low','https://www.youtube.com/watch?v=gYdlqjiQPAc','Cracker','2023-04-26 16:49:58','2023-04-26 16:49:58'),(44,'Falling Elevators','https://www.youtube.com/watch?v=mqZeaxZz-f4','MC 900 Ft. Jesus','2023-04-26 16:51:38','2023-04-26 16:51:38'),(45,'No New Tale To Tell','https://www.youtube.com/watch?v=iRrn67ovuRQ','Love and Rockets','2023-04-26 16:52:51','2023-04-26 16:52:51'),(46,'Here','https://www.youtube.com/watch?v=yje3ja6oHX4','Pavement','2023-04-26 16:54:10','2023-04-26 16:54:10'),(47,'Fanfare / Don\'t Dream It','https://www.youtube.com/watch?v=7Vl6mapqpkI','Tim Curry','2023-04-26 16:55:15','2023-04-26 16:55:15'),(48,'Morrissey - Seasick Yet Still Docked','https://www.youtube.com/watch?v=7mMJukBAC3M','Morrissey','2023-04-26 16:56:30','2023-04-26 16:56:30'),(49,'Bust A Move','https://www.youtube.com/watch?v=xy4FXhkm6Nw','Young MC','2023-04-26 16:59:22','2023-04-26 16:59:22'),(50,'Christmas Baby Please Come Home','https://www.youtube.com/watch?v=0YqG8NGr-AQ','Joey Ramone','2023-04-26 17:01:14','2023-04-26 17:01:14'),(51,'Ye Olde Backlash','https://www.youtube.com/watch?v=HZEh7weyJTc','Bongwater','2023-04-26 17:03:27','2023-04-26 17:03:27'),(52,'Don\'t Dream It\'s Over','https://www.youtube.com/watch?v=J9gKyRmic20','Crowded House','2023-04-26 17:05:04','2023-04-26 17:05:04'),(53,'Counting Backwards','https://www.youtube.com/watch?v=BFzCtKZo24M','Throwing Muses','2023-04-26 17:06:39','2023-04-26 17:06:39'),(54,'Araby','https://www.youtube.com/watch?v=LfayS36s2vg','The Reivers','2023-04-26 17:07:54','2023-04-26 17:07:54'),(55,'First Day','https://www.youtube.com/watch?v=I5EmXDO16_0','Michael Brook','2023-04-26 17:09:20','2023-04-26 17:09:20'),(56,'Home Again','https://www.youtube.com/watch?v=1X5Ps71C4lc','Michael Brook','2023-04-26 17:10:07','2023-04-26 17:10:07'),(57,'Charlie Speaks','https://www.youtube.com/watch?v=yg2H2RgGyAg','Michael Brook','2023-04-26 17:11:06','2023-04-26 17:11:06'),(58,'Candace','https://www.youtube.com/watch?v=1uIHTVH9LEA','Michael Brook','2023-04-26 17:11:49','2023-04-26 17:11:49'),(59,'Kiss Breakdown','https://www.youtube.com/watch?v=H5KL-E2EHII','Michael Brook','2023-04-26 17:12:29','2023-04-26 17:12:29'),(60,'Charlies First Kiss','https://www.youtube.com/watch?v=eOjpSdiR6d8','Michael Brook','2023-04-26 17:13:18','2023-04-26 17:13:18'),(61,'Shard','https://www.youtube.com/watch?v=bEzR2Cy9Fwc','Michael Brook','2023-04-26 17:13:55','2023-04-26 17:13:55'),(62,'In the House - In a Heartbeat','https://youtube.com/watch?v=MX95usfB2ZA&list=PLon6ETIZm-xFRq9xxY3Lpq1qbBup-k2DZ','John Murphy','2023-04-26 17:30:23','2023-04-26 17:30:23'),(63,'Something In The Way','https://www.youtube.com/watch?v=4VxdufqB9zg','Nirvana','2023-04-26 17:54:52','2023-04-26 17:54:52'),(64,'Desolation Row','https://www.youtube.com/watch?v=FOuSxal8pf4','My Chemical Romance','2023-04-26 18:06:25','2023-04-26 18:06:25'),(65,'Unforgettable','https://www.youtube.com/watch?v=JFyuOEovTOE','Nat King Cole','2023-04-26 18:07:48','2023-04-26 18:07:48'),(66,'The Times They Are A-Changin\'','https://www.youtube.com/watch?v=90WD_ats6eE','Bob Dylan','2023-04-26 18:09:00','2023-04-26 18:09:00'),(67,'The Sound of Silence','https://www.youtube.com/watch?v=6ukmjBSQY-c','Simon and Garfunkel','2023-04-26 18:10:10','2023-04-26 18:10:10'),(68,'Me And Bobby McGee','https://www.youtube.com/watch?v=sfjon-ZTqzU','Janis Joplin','2023-04-26 18:11:13','2023-04-26 18:11:13'),(69,'I\'m Your Boogie Man','https://www.youtube.com/watch?v=_Ee3C2m3OXE','KC and the Sunshine Band','2023-04-26 18:12:20','2023-04-26 18:12:20'),(70,'You\'re My Thrill','https://www.youtube.com/watch?v=tZJoVPFoYPM','Billie Holiday','2023-04-26 18:17:19','2023-04-26 18:17:19'),(71,'Pruit Igoe & Prophecies','https://youtu.be/tQmVrEAIwfU','Philip Glass Ensemble','2023-04-26 18:19:45','2023-04-26 18:19:45'),(72,'Hallelujah','https://youtu.be/ttEMYvpoR-k','Leonard Cohen','2023-04-26 18:20:39','2023-04-26 18:20:39'),(73,'All Along The Watchtower','https://youtu.be/TLV4_xaYynY','Jimi Hendrix','2023-04-26 18:26:21','2023-04-26 18:26:21'),(74,'Ride of the Valkyries','https://youtu.be/6jRyoAR6j6M','Budapest Symphony Orchestra','2023-04-26 18:29:33','2023-04-26 18:29:33'),(75,'Pirate Jenny','https://youtu.be/V7awW5nrDHk','Nina Simone','2023-04-26 18:35:19','2023-04-26 18:35:19'),(76,'The Batman','https://youtu.be/Cwcinb2OxUo','Michael Giacchino','2023-04-26 20:33:38','2023-04-26 20:33:38'),(77,'Can’t Fight City Halloween','https://youtu.be/yvXZurAwZ_A','Michael Giacchino','2023-04-26 20:35:01','2023-04-26 20:35:01'),(78,'Ave Maria','https://youtu.be/2H5rusicEnc','Franz Schubert','2023-04-26 20:35:57','2023-04-26 20:35:57'),(79,'It’s Raining Vengeance','https://youtu.be/IhHvaR1hFYs','Michael Giacchino','2023-04-26 20:41:41','2023-04-26 20:41:41'),(80,'Don’t Be Voyeur with Me','https://youtu.be/2e6ZtRtAdeM','Michael Giacchino','2023-04-26 20:44:40','2023-04-26 20:44:40'),(81,'The Riddler','https://youtu.be/x7rRdbb1qGo','Michael Giacchino','2023-04-26 20:45:24','2023-04-26 20:45:24'),(82,'Moving in for the Gil','https://youtu.be/y-lFEndilYU','Michael Giacchino','2023-04-26 20:46:11','2023-04-26 20:46:11'),(83,'Funeral and Far Between','https://youtu.be/Xp3pPwrVcsE','Michael Giacchino','2023-04-26 20:46:52','2023-04-26 20:46:52'),(84,'Collar ID','https://youtu.be/Eu41M1mvwSk','Michael Giacchino','2023-04-26 20:47:29','2023-04-26 20:47:29'),(85,'Escaped Crusader','https://youtu.be/vH0zv9hfjlY','Michael Giacchino','2023-04-26 20:48:17','2023-04-26 20:48:17'),(86,'Highway to the Anger Zone','https://youtu.be/d6jG7bYnIaE','Michael Giacchino','2023-04-26 20:48:56','2023-04-26 20:48:56'),(87,'Riddles, Riddles Everywhere','https://youtu.be/td3EkvhG5aM','Michael Giacchino','2023-04-26 20:49:41','2023-04-26 20:49:41'),(88,'Are You a Kenzie or a Can’t-zie?','https://youtu.be/H2bO7F79R0I','Michael Giacchino','2023-04-26 20:50:20','2023-04-26 20:50:20'),(89,'The Great Pumpkin Pie','https://youtu.be/VL2YuwLM_WA','Michael Giacchino','2023-04-26 20:50:54','2023-04-26 20:50:54'),(90,'A Flood of Terrors','https://youtu.be/66AKDG1B_Ms','Michael Giacchino','2023-04-26 20:51:31','2023-04-26 20:51:31'),(91,'Catwoman','https://youtu.be/rl999L1M4Ig','Michael Giacchino','2023-04-26 20:52:16','2023-04-26 20:52:16'),(92,'A Bat in the Rafters, Pt. 2','https://youtu.be/Je4AGwdCWWc','Michael Giacchino','2023-04-26 20:53:00','2023-04-26 20:53:00'),(93,'All’s Well That Ends Farewell','https://youtu.be/B6mF6fc0tYU','Michael Giacchino','2023-04-26 20:53:35','2023-04-26 20:53:35'),(94,'I Have But One Heart','https://youtu.be/QpgYHyc34XU','Al Martino','2023-04-26 20:54:14','2023-04-26 20:54:14'),(95,'Volare (Nel Blu Di Pinto Di Blu)','https://youtu.be/vDd7VqjFuxE','Dean Martin','2023-04-26 20:54:47','2023-04-26 20:54:47'),(96,'Tom Sawyer','https://youtu.be/auLBLk4ibAk','Rush','2023-04-26 21:18:27','2023-04-26 21:18:27'),(97,'Take On Me','https://youtu.be/djV11Xbc914','a-ha','2023-04-26 21:19:50','2023-04-26 21:19:50'),(98,'Sweet Dreams (Are Made Of This) (feat. Annie Lennox & Dave Stewart)','https://youtu.be/qeMFqkcPYcg','Eurythmics','2023-04-26 21:21:52','2023-04-26 21:21:52'),(99,'Jump','https://youtu.be/SwYN7mTi6HM','Van Halen','2023-04-26 21:24:43','2023-04-26 21:24:43'),(100,'You Make My Dreams','https://youtu.be/EErSKhC0CZs','Daryl Hall & John Oates','2023-04-26 21:25:36','2023-04-26 21:25:36'),(101,'Stayin\' Alive','https://youtu.be/I_izvAbhExY','Bee Gees','2023-04-26 21:26:20','2023-04-26 21:26:20'),(102,'World In My Eyes','https://youtu.be/nhZdL4JlnxI','Depeche Mode','2023-04-26 21:27:51','2023-04-26 21:27:51'),(103,'I Hate Myself For Loving You','https://youtu.be/bpNw7jYkbVc','Joan Jett & the Blackhearts','2023-04-26 21:29:14','2023-04-26 21:29:14'),(104,'Blue Monday','https://youtu.be/FYH8DsU2WCk','New Order','2023-04-26 21:30:14','2023-04-26 21:30:14'),(105,'We\'re Not Gonna Take It','https://youtu.be/V9AbeALNVkk','Twisted Sister','2023-04-26 21:31:16','2023-04-26 21:31:16'),(106,'One Way Or Another','https://youtu.be/_zBwRDEFMRY','Blondie','2023-04-26 21:32:26','2023-04-26 21:32:26'),(107,'Stand On It','https://youtu.be/8CxaXbCEYzE','Bruce Springsteen','2023-04-26 21:33:41','2023-04-26 21:33:41'),(108,'Everybody Wants To Rule The World','https://youtu.be/SFU1GeGFpzY','Tears For Fears','2023-04-26 21:34:23','2023-04-26 21:34:23'),(109,'Faith','https://youtu.be/6Cs3Pvmmv0E','George Michael','2023-04-26 21:36:47','2023-04-26 21:36:47'),(110,'I Wanna Be Your Lover','https://youtu.be/Rp8WL621uGM','Prince','2023-04-26 21:37:31','2023-04-26 21:37:31'),(111,'Time After Time','https://youtu.be/F1mqrCTFoz4','Cyndi Lauper','2023-04-26 21:38:22','2023-04-26 21:38:22'),(112,'Dead Man\'s Party','https://youtu.be/yhN8SdulOFc','Oingo Boingo','2023-04-26 21:39:52','2023-04-26 21:39:52'),(113,'The Wild Boys','https://youtu.be/M43wsiNBwmo','Duran Duran','2023-04-26 21:40:39','2023-04-26 21:40:39'),(114,'You Should Be Dancing','https://youtu.be/1sqE6P3XyiQ','Bee Gees','2023-04-26 21:41:40','2023-04-26 21:41:40'),(115,'I Heard It Through The Grapevine','https://youtu.be/5ZnrZnFSlWU','Marvin Gaye','2023-04-26 21:42:16','2023-04-26 21:42:16'),(116,'Dancing With Myself','https://youtu.be/cCCQu5ozxuM','Billy Idol','2023-04-26 21:43:10','2023-04-26 21:43:10'),(117,'Like To Get To Know You Well','https://youtu.be/xqF1P8Khnmw','Howard Jones','2023-04-26 21:44:11','2023-04-26 21:44:11'),(118,'I Would Die 4 U','https://youtu.be/hkNl3pq1twE','Prince','2023-04-26 21:44:49','2023-04-26 21:44:49'),(119,'Safety Dance','https://youtu.be/1p_BvaHsgGg','Men Without Hats','2023-04-26 21:45:26','2023-04-26 21:45:26'),(120,'Rebel Yell','https://youtu.be/VdphvuyaV_I','Billy Idol','2023-04-26 21:46:06','2023-04-26 21:46:06'),(121,'Walk This Way (feat. Aerosmith)','https://youtu.be/4B_UYYPb-Gk','Run DMC','2023-04-26 21:46:44','2023-04-26 21:46:44'),(122,'Pump Up The Jam','https://youtu.be/ifoy6_nARUc','Technotronic','2023-04-26 21:48:21','2023-04-26 21:48:21'),(123,'Hungry Like The Wolf','https://youtu.be/oJL-lCzEXgI','Duran Duran','2023-04-26 21:50:09','2023-04-26 21:50:09'),(124,'Beds Are Burning','https://youtu.be/ejorQVy3m8E','Midnight Oil','2023-04-26 21:51:27','2023-04-26 21:51:27'),(125,'Just My Imagination','https://youtu.be/YNn361umypM','The Temptations','2023-04-26 21:52:11','2023-04-26 21:52:11'),(126,'Can\'t Hide Love','https://youtu.be/1TxgfbPl9Qg','Earth, Wind And Fire','2023-04-26 21:52:46','2023-04-26 21:52:46'),(127,'Der Kommissar','https://youtu.be/vBfFDTPPlaM','After The Fire','2023-04-26 21:53:22','2023-04-26 21:53:22'),(128,'The Oasis','https://youtu.be/nn5svPIP3zo','Alan Silvestri','2023-04-26 21:54:15','2023-04-26 21:54:15'),(129,'Hello, I’m James Halliday','https://youtu.be/PmZjs28Yllc','Alan Silvestri','2023-04-26 21:55:02','2023-04-26 21:55:02'),(130,'Why Can\'t We Go Backwards','https://youtu.be/eTEC7QpKnLA','Alan Silvestri','2023-04-26 21:56:59','2023-04-26 21:56:59'),(131,'An Orb Meeting','https://youtu.be/QtnJXuMfZb0','Alan Silvestri','2023-04-26 21:57:37','2023-04-26 21:57:37'),(132,'Real World Consequences','https://youtu.be/XnAhzpolBEM','Alan Silvestri','2023-04-26 21:58:30','2023-04-26 21:58:30'),(133,'Sorrento Makes An Offer','https://youtu.be/do_LYJjjCMU','Alan Silvestri','2023-04-26 21:59:09','2023-04-26 21:59:09'),(134,'Welcome To The Rebellion','https://youtu.be/3rrHcIVIzLE','Alan Silvestri','2023-04-26 21:59:47','2023-04-26 21:59:47'),(135,'High 5 Assembles','https://youtu.be/rn68u0Z4jlk','Alan Silvestri','2023-04-26 22:00:26','2023-04-26 22:00:26'),(136,'Orb of Osuvox','https://youtu.be/aRdoxZEYkC0','Alan Silvestri','2023-04-26 22:01:00','2023-04-26 22:01:00'),(137,'Sorrento Punked','https://youtu.be/KQN4k0nAqac','Alan Silvestri','2023-04-26 22:01:36','2023-04-26 22:01:36'),(138,'Wade\'s Broadcast','https://youtu.be/ve3oOi3h6QY','Alan Silvestri','2023-04-26 22:02:16','2023-04-26 22:02:16'),(139,'Arty On The “Inside”','https://youtu.be/uJkmFuBpbPQ','Alan Silvestri','2023-04-26 22:02:50','2023-04-26 22:02:50'),(140,'Looking For A Truck','https://youtu.be/p5T810sT7_o','Alan Silvestri','2023-04-26 22:03:23','2023-04-26 22:03:23'),(141,'She Never Left','https://youtu.be/WMvOLx4xwX0','Alan Silvestri','2023-04-26 22:03:59','2023-04-26 22:03:59'),(142,'Last Chance','https://youtu.be/ZLhkbavj8S4','Alan Silvestri','2023-04-26 22:04:37','2023-04-26 22:04:37'),(143,'Get Me Out Of This','https://youtu.be/q25-DSjs-ok','Alan Silvestri','2023-04-26 22:05:08','2023-04-26 22:05:08'),(144,'“Hold On To Something”','https://youtu.be/KY6ZN2YNOWc','Alan Silvestri','2023-04-26 22:05:58','2023-04-26 22:05:58'),(145,'“This Is Wrong”','https://youtu.be/1qvRlsPzTLM','Alan Silvestri','2023-04-26 22:06:37','2023-04-26 22:06:37'),(146,'“What Are You?”','https://youtu.be/MLUI9G083fo','Alan Silvestri','2023-04-26 22:07:19','2023-04-26 22:07:19'),(147,'“There’s Something I Need To Do”','https://youtu.be/oqYNfTO7c10','Alan Silvestri','2023-04-26 22:07:53','2023-04-26 22:07:53'),(148,'Ready Player One - Main Title','https://youtu.be/RG-_56ZfqQk','Alan Silvestri','2023-04-26 22:08:26','2023-04-26 22:08:26'),(149,'Ready Player One - End Credits','https://youtu.be/oCYZmukH4JY','Alan Silvestri','2023-04-26 22:08:58','2023-04-26 22:08:58'),(150,'East Hastings','https://www.youtube.com/watch?v=jBw7k85uaDQ','Godspeed You! Black Emperor','2023-04-27 17:20:09','2023-04-27 17:20:09'),(151,'A.M. 180','https://www.youtube.com/watch?v=G8TbbWCcDbg','Grandaddy','2023-04-27 17:22:30','2023-04-27 17:22:30'),(152,'Fear of the Dark','https://www.youtube.com/watch?v=L4EDWVbNKnM','Iron Maiden','2023-04-27 17:24:13','2023-04-27 17:24:13'),(153,'Moonchild','https://www.youtube.com/watch?v=kvh-aU7KCFY','Iron Maiden','2023-04-27 17:25:41','2023-04-27 17:25:41'),(154,'Que Sera Sera','https://www.youtube.com/watch?v=c3rfVewwYgw','Ray Evans, Jay Livingston','2023-04-27 17:27:32','2023-04-27 17:27:32'),(155,'Dead Skin Mask','https://www.youtube.com/watch?v=Zp_ntrq_K40','Slayer','2023-04-27 17:28:31','2023-04-27 17:28:31'),(156,'An Ending (Ascent)','https://www.youtube.com/watch?v=5OPhZ6fHDDw','Brian Eno','2023-04-27 17:29:45','2023-04-27 17:29:45'),(157,'Ave Maria','https://www.youtube.com/watch?v=eNPZMcFfSnc','John Murphy','2023-04-27 17:31:15','2023-04-27 17:31:15'),(158,'Zombie Ritual','https://www.youtube.com/watch?v=vZa6sodnenk','Death','2023-04-27 17:32:08','2023-04-27 17:32:08'),(159,'Abide With Me','https://www.youtube.com/watch?v=N4MBiCuoNPo','John Murphy','2023-04-27 17:33:17','2023-04-27 17:33:17'),(160,'In Paradisium for Requiem','https://www.youtube.com/watch?v=BvYTVyQeZ3o','Dr. Richard Marlow and The Choir of The Trinity College with the London Musici','2023-04-27 17:35:05','2023-04-27 17:35:05'),(161,'Frosty The Snowman','https://www.youtube.com/watch?v=wmdVQiSzNPo','Jack Rollins & Steve Nelson','2023-04-27 17:36:51','2023-04-27 17:36:51'),(162,'Season Song','https://www.youtube.com/watch?v=ov9v1aWP7EM','Blue States','2023-04-27 17:38:30','2023-04-27 17:38:30'),(163,'Coffee Shop Zak','https://www.youtube.com/watch?v=vg4FdaLFGr0','Rolfe Kent','2023-04-27 17:43:27','2023-04-27 17:43:27'),(164,'Svarga','https://www.youtube.com/watch?v=lxA5HJEJR6Y','Vas','2023-04-27 17:44:49','2023-04-27 17:44:49'),(165,'Girl From Ypsilanti','https://www.youtube.com/watch?v=7RWYZfaQ1CY','Daniel May','2023-04-27 17:45:38','2023-04-27 17:45:38'),(166,'Smoke Stack','https://www.youtube.com/watch?v=-XJFiAv6xeE','Junk Ferry','2023-04-27 17:48:18','2023-04-27 17:48:18'),(167,'Going Out West','https://www.youtube.com/watch?v=27LLPANAgzw','Tom Waits','2023-04-27 17:55:06','2023-04-27 17:55:06'),(168,'No Love, No Nothin\'','https://www.youtube.com/watch?v=7-E9GNncFW8','Marlene Dietrich','2023-04-27 17:56:00','2023-04-27 17:56:00'),(169,'Valley of the Dolls','https://www.youtube.com/watch?v=nEVKg0-EO94','Helena Bonham Carter','2023-04-27 17:57:10','2023-04-27 17:57:10'),(170,'Tzigany Waltz','https://www.youtube.com/watch?v=TK2AtnUD3fI','George Fenton, John Leach','2023-04-27 17:59:06','2023-04-27 17:59:06'),(171,'Where Is My Mind?','https://www.youtube.com/watch?v=OJ62RzJkYUo','Pixies','2023-04-27 18:29:30','2023-04-27 18:29:30'),(172,'Aogeba Toutoshi','https://www.youtube.com/watch?v=LbgKWloZ8Yw','Traditional Japanese graduation song','2023-04-27 19:26:06','2023-04-27 19:26:06'),(173,'Eine kleine Nachtmusik, K 525: I. Allegro','https://www.youtube.com/watch?v=rHZ0nkZatJk','Wolfgang Amadeus Mozart','2023-04-27 19:28:08','2023-04-27 19:28:08'),(174,'When Animals Attack','https://www.youtube.com/watch?v=t-JsZQ5S6Cg','Even Rude','2023-04-27 19:29:58','2023-04-27 19:29:58'),(175,'Heroin Hate','https://www.youtube.com/watch?v=gXN3SHXWRh8','AP2','2023-04-27 19:32:23','2023-04-27 19:32:23'),(176,'The Midnight Creep','https://www.youtube.com/watch?v=O4yiXVgME8Y','The Jon Spencer Blues Explosion','2023-04-27 19:33:15','2023-04-27 19:33:15'),(177,'Lost','https://www.youtube.com/watch?v=oJ0HvJAWy0s','Triggerpimp','2023-04-27 19:34:21','2023-04-27 19:34:21'),(178,'The End','https://www.youtube.com/watch?v=P0HJP1wkWG4','AP2','2023-04-27 19:34:58','2023-04-27 19:34:58'),(179,'My Elastic Eye','https://www.youtube.com/watch?v=Lka1oCcbds0','The Chemical Brothers','2023-04-27 19:38:08','2023-04-27 19:38:08'),(180,'Alone Again And','https://www.youtube.com/watch?v=Ua5Gt_vX3bE','Departure Lounge','2023-04-27 19:39:03','2023-04-27 19:39:03'),(181,'Hear You Me','https://www.youtube.com/watch?v=fcmFH5OvdtA','Jimmy Eat World','2023-04-27 19:39:58','2023-04-27 19:39:58'),(182,'Sittin\' Single','https://www.youtube.com/watch?v=yS4Lv-tk9RI','Scott Eversoll','2023-04-27 19:41:22','2023-04-27 19:41:22'),(183,'Dark Entries','https://www.youtube.com/watch?v=N8n6k8QcU3k','Bauhaus','2023-04-27 19:43:22','2023-04-27 19:43:22'),(184,'Stop Crying Your Heart Out','https://www.youtube.com/watch?v=6QyVil0dwhk','Oasis','2023-04-27 19:46:01','2023-04-27 19:46:01'),(185,'Ave Satani','https://www.youtube.com/watch?v=6H3UiwU1N5I','Jerry Goldsmith','2023-04-27 19:49:15','2023-04-27 19:49:15'),(186,'The Piper Dreams','https://www.youtube.com/watch?v=vEoDSA7ybeg','Carol Heather Goldsmith','2023-04-27 19:50:24','2023-04-27 19:50:24'),(187,'Kanon For Orchestra and Tape','https://www.youtube.com/watch?v=ESmO1ibZbII','Krzysztof Penderecki','2023-04-27 19:54:57','2023-04-27 19:54:57'),(188,'Cello Concerto','https://www.youtube.com/watch?v=O3d_5TlAzaE','Krzysztof Penderecki','2023-04-27 19:57:45','2023-04-27 19:57:45'),(189,'String Quartet','https://www.youtube.com/watch?v=PXaJdDN050U','Krzysztof Penderecki','2023-04-27 19:58:44','2023-04-27 19:58:44'),(190,'Polymorphia','https://www.youtube.com/watch?v=cgAVtI6g4zg','Krzysztof Penderecki','2023-04-27 20:01:38','2023-04-27 20:01:38'),(191,'The Devils of Loudon','https://www.youtube.com/watch?v=N7kkf9BdjsA','Krzysztof Penderecki','2023-04-27 20:06:57','2023-04-27 20:06:57'),(192,'Fantasia for Strings','https://www.youtube.com/watch?v=T4YCvwYz49o','Hans Werner Henze','2023-04-27 20:07:40','2023-04-27 20:07:40'),(193,'Night Of The Electric Insects','https://www.youtube.com/watch?v=12auKlEE0eM','George Crumb','2023-04-27 20:08:38','2023-04-27 20:08:38'),(194,'Fliessend, Äusserst Zart (from Five Pieces for Orchestra, Op. 10)','https://www.youtube.com/watch?v=reqqQ-kBJQ0','Anton Webern','2023-04-27 20:10:17','2023-04-27 20:10:17'),(195,'Beginnings (from The Wind Harp)','https://www.youtube.com/watch?v=wv9sD20UKsw','Harry Bee','2023-04-27 20:11:24','2023-04-27 20:11:24'),(196,'Tubular Bells','https://www.youtube.com/watch?v=FN6jIvKiYOs','Mike Oldfield','2023-04-27 20:12:28','2023-04-27 20:12:28'),(198,'Ramblin\' Man','https://www.youtube.com/watch?v=jCbjjmvQ_Xs','The Allman Brothers Band','2023-04-27 20:23:26','2023-04-27 20:23:26'),(199,'Istoria mou','https://www.youtube.com/watch?v=uj0zWKCnB-k','Rita Sakellariou','2023-04-27 20:24:33','2023-04-27 20:24:33'),(200,'Paramythaki mou','https://www.youtube.com/watch?v=YAXZfX60VRU','Giannis Kalatzis','2023-04-27 20:25:11','2023-04-27 20:25:11'),(201,'Carly and Carole','https://www.youtube.com/watch?v=6JCr7ZK4CGA','Eumir Deodato','2023-04-27 20:28:12','2023-04-27 20:28:12'),(202,'Quiet Village','https://www.youtube.com/watch?v=G7qf6htdifY','Les Baxter','2023-04-27 20:29:08','2023-04-27 20:29:08'),(203,'Lullaby','https://www.youtube.com/watch?v=7wRNX94fU94','Mia Farrow','2023-04-27 20:31:02','2023-04-27 20:31:02'),(204,'Für Elise','https://www.youtube.com/watch?v=_XG3h6LywNQ','Ludwig van Beethoven','2023-04-27 20:34:28','2023-04-27 20:34:28'),(205,'Paint It Black','https://www.youtube.com/watch?v=O4irXQhgMqg','The Rolling Stones','2023-04-27 20:37:35','2023-04-27 20:37:35'),(206,'It Happened in Monterey','https://www.youtube.com/watch?v=myKFmeWa2T0','Frank Sinatra','2023-04-27 20:39:27','2023-04-27 20:39:27'),(207,'Air on the G String','https://www.youtube.com/watch?v=aWpqxn82ODk','Virgil Fox','2023-04-27 20:41:11','2023-04-27 20:41:11'),(208,'Days of Wine and Roses','https://www.youtube.com/watch?v=Uigicd3dhQ4','Michael Lang','2023-04-27 20:41:59','2023-04-27 20:41:59'),(209,'Moment to Moment','https://www.youtube.com/watch?v=-YrpcwjtI-Y','Michael Lang','2023-04-27 20:42:50','2023-04-27 20:42:50'),(210,'It\'s Easy to Say','https://www.youtube.com/watch?v=U9MNahfkNn8','Michael Lang','2023-04-27 20:43:30','2023-04-27 20:43:30'),(211,'Romanza','https://www.youtube.com/watch?v=nVfvm_gJAgo','Michael Lang','2023-04-27 20:45:15','2023-04-27 20:45:15'),(212,'Show Me Your Tattoo','https://www.youtube.com/watch?v=AwWOLRRC3xA','Cadillac Moon','2023-04-27 20:47:39','2023-04-27 20:47:39'),(213,'La niña del Canastero','https://www.youtube.com/watch?v=NsUqFXrBS7s','J. Gomez Gorjon, Antonio Vargas Cortés, Tomatito','2023-04-27 20:49:30','2023-04-27 20:49:30'),(214,'A mi tio El Niño Miguel','https://www.youtube.com/watch?v=tAtS3ygbYIk','Tomatito','2023-04-27 20:50:19','2023-04-27 20:50:19'),(215,'The Killing Moon','https://www.youtube.com/watch?v=LWz0JC7afNQ','Echo & The Bunnymen','2023-04-27 21:56:49','2023-04-27 21:56:49'),(216,'Carpathian Ridge','https://www.youtube.com/watch?v=EBxCgE145NY','Michael Andrews','2023-04-27 21:57:31','2023-04-27 21:57:31'),(217,'Lucid Memory','https://www.youtube.com/watch?v=j-wvLn627qY','Sam Bauer & Gerard Bauer','2023-04-27 21:58:18','2023-04-27 21:58:18'),(218,'The Tangent Universe','https://www.youtube.com/watch?v=xRf5zdWN4S0','Michael Andrews','2023-04-27 21:58:56','2023-04-27 21:58:56'),(219,'Head Over Heels','https://www.youtube.com/watch?v=CsHiG-43Fzg','Tears for Fears','2023-04-27 21:59:35','2023-04-27 21:59:35'),(220,'The Artifact and Living','https://www.youtube.com/watch?v=NIh-z_LZeJ8','Michael Andrews','2023-04-27 22:03:37','2023-04-27 22:03:37'),(221,'Lucid Assembly','https://www.youtube.com/watch?v=4kcNt2bHiOU','Gerard Bauer & Mike Bauer','2023-04-27 22:04:19','2023-04-27 22:04:19'),(222,'Middlesex Times','https://www.youtube.com/watch?v=ivKrhhoBhMk','Michael Andrews','2023-04-27 22:05:07','2023-04-27 22:05:07'),(223,'Ave Maria','https://www.youtube.com/watch?v=YMrjVH6Zeq4','Giulio Caccini & Paul Pritchard','2023-04-27 22:10:36','2023-04-27 22:10:36'),(224,'Manipulated Living','https://www.youtube.com/watch?v=oXqTPV8FhYU','Michael Andrews','2023-04-27 22:11:22','2023-04-27 22:11:22'),(225,'For Whom the Bell Tolls','https://www.youtube.com/watch?v=hwmTCIHPRsM','Stephen Baker & Carmen Daye','2023-04-27 22:12:10','2023-04-27 22:12:10'),(226,'Philosophy of Time Travel','https://www.youtube.com/watch?v=ROg3WbF2G0Y','Michael Andrews','2023-04-27 22:12:57','2023-04-27 22:12:57'),(227,'Show Me','https://www.youtube.com/watch?v=wYYLIy-p4eo','Quito Colayco & Tony Hertz','2023-04-27 22:14:32','2023-04-27 22:14:32'),(228,'Liquid Spear Waltz','https://www.youtube.com/watch?v=a4_jcjOELSA','Michael Andrews','2023-04-27 22:15:35','2023-04-27 22:15:35'),(229,'Notorious','https://www.youtube.com/watch?v=Z9z0e1Wm64M','Duran Duran','2023-04-27 22:16:08','2023-04-27 22:16:08'),(230,'Gretchen Ross','https://www.youtube.com/watch?v=doC63IdYlA0','Michael Andrews','2023-04-27 22:17:15','2023-04-27 22:17:15'),(231,'Proud to be Loud','https://www.youtube.com/watch?v=w-0d_1U_GgE','Pantera','2023-04-27 22:17:53','2023-04-27 22:17:53'),(232,'Burn It to the Ground','https://www.youtube.com/watch?v=pl3pkU9_KIU','Michael Andrews','2023-04-27 22:18:38','2023-04-27 22:18:38'),(233,'Love Will Tear Us Apart','https://www.youtube.com/watch?v=zuuObGsB0No','Joy Division','2023-04-27 22:20:14','2023-04-27 22:20:14'),(234,'Slipping Away','https://www.youtube.com/watch?v=AsHNp--6pvA','Michael Andrews','2023-04-27 22:21:00','2023-04-27 22:21:00'),(235,'Under the Milky Way','https://www.youtube.com/watch?v=pWxJEIz7sSA','The Church','2023-04-27 22:21:55','2023-04-27 22:21:55'),(237,'Rosie Darko','https://www.youtube.com/watch?v=u9EsYfHj198','Michael Andrews','2023-04-27 22:24:19','2023-04-27 22:24:19'),(238,'Mad World','https://www.youtube.com/watch?v=DHtcliIvnHI','Gary Jules','2023-04-27 22:25:29','2023-04-27 22:25:29'),(239,'Cellar Door','https://www.youtube.com/watch?v=BqmThNCVwMM','Michael Andrews','2023-04-27 22:26:05','2023-04-27 22:26:05'),(240,'Stay','https://www.youtube.com/watch?v=DwRnW89EsxI','Oingo Boingo','2023-04-27 22:26:50','2023-04-27 22:26:50'),(241,'Ensurance Trap','https://www.youtube.com/watch?v=1chMEI3b0Pw','Michael Andrews','2023-04-27 22:27:22','2023-04-27 22:27:22'),(242,'Never Tear Us Apart','https://www.youtube.com/watch?v=AIBv2GEnXlc','INXS','2023-04-27 22:28:11','2023-04-27 22:28:11'),(243,'Waltz in the 4th Dimension','https://www.youtube.com/watch?v=HgGyOPszbqc','Michael Andrews','2023-04-27 22:29:54','2023-04-27 22:29:54'),(244,'Time Travel','https://www.youtube.com/watch?v=DkooN9gn3ao','Michael Andrews','2023-04-27 22:31:12','2023-04-27 22:31:12'),(245,'The Star Spangled Banner','https://www.youtube.com/watch?v=qKoyR3Z6VgU','John Stafford Smith','2023-04-27 22:32:18','2023-04-27 22:32:18'),(246,'Did You Know Him?','https://www.youtube.com/watch?v=Kk_6oAxtxq0','Michael Andrews','2023-04-27 22:33:10','2023-04-27 22:33:10'),(247,'Voices Carry','https://www.youtube.com/watch?v=uejh-bHa4To','\'Til Tuesday','2023-04-27 22:34:03','2023-04-27 22:34:03'),(248,'Hello World Full Soundtrack OST','https://www.youtube.com/watch?v=tPoV_hqM76E','Hello World','2023-04-27 23:08:47','2023-04-27 23:08:47'),(249,'My Generation','https://www.youtube.com/watch?v=qN5zw04WxCc','The Who','2023-04-27 23:11:20','2023-04-27 23:11:20'),(250,'Ai wo Shita no wa','https://www.youtube.com/watch?v=sAzNLC1Lu7Q','AIKO','2023-04-27 23:13:10','2023-04-27 23:13:10'),(251,'Koe no Katachi OST','https://www.youtube.com/playlist?list=PLF-eR-a-wDUXc9zc6ePP_xeprR-ky7INk','Kensuke Ushio','2023-04-27 23:14:44','2023-04-27 23:14:44'),(252,'Kiri','https://www.youtube.com/watch?v=hlgc3_4WL0M','Monoral','2023-05-01 01:28:54','2023-05-01 01:28:54'),(253,'Forever','https://www.youtube.com/watch?v=Y-rAi-2hZ6U&pp=ygUWZm9yZXZlciBtYW4gZnJvbSBlYXJ0aA%3D%3D','Chantelle Duncan','2023-05-06 17:19:47','2023-05-06 17:19:47'),(254,'2nd Movement, 7th Symphony','https://www.youtube.com/watch?v=ZzdYBdTWLsA','Ludwig van Beethoven','2023-05-06 17:22:26','2023-05-06 17:22:26'),(255,'What a Wonderful World','https://www.youtube.com/watch?v=CasDL5pLlDI','Louis Armstrong','2023-05-06 17:28:04','2023-05-06 17:28:04'),(256,'Blueberry Hill','https://www.youtube.com/watch?v=bQQCPrwKzdo','Fats Domino','2023-05-06 17:29:56','2023-05-06 17:29:56'),(257,'Sleep Walk','https://www.youtube.com/watch?v=SHqSdSjplTE','B.J. Cole','2023-05-06 17:31:14','2023-05-06 17:31:14'),(258,'Vertigo Theme','https://www.youtube.com/watch?v=kC5AzFc3coo','Bernard Herrmann','2023-05-06 17:32:40','2023-05-06 17:32:40'),(259,'Introduccion','https://www.youtube.com/watch?v=152Y93v9Jlk','Astor Piazzolla','2023-05-06 17:36:21','2023-05-06 17:36:21'),(260,'Comanche','https://www.youtube.com/watch?v=ovq91CZU19A','Link Wray & The Wraymen','2023-05-06 17:37:35','2023-05-06 17:37:35'),(261,'The Earth Died Screaming','https://www.youtube.com/watch?v=C7I4kSpS43o','Tom Waits','2023-05-06 17:38:20','2023-05-06 17:38:20'),(262,'Woody Woodpecker Music','https://www.youtube.com/watch?v=om06_NuzPiM','Walter Greene','2023-05-06 17:39:28','2023-05-06 17:39:28'),(263,'Pipeline','https://www.youtube.com/watch?v=4fc57tYou4U','The Chantays','2023-05-06 17:40:15','2023-05-06 17:40:15'),(264,'Silent Night, Holy Night','https://www.youtube.com/watch?v=qjli03yVbv4','Franz Xaver Gruber','2023-05-06 17:41:27','2023-05-06 17:41:27'),(265,'Piano Concerto No. 21 In C Major, K.467','https://www.youtube.com/watch?v=i2uYb6bMKyI','Wolfgang Amadeus Mozart','2023-05-06 17:43:00','2023-05-06 17:43:00'),(266,'String Quartet No. 13 in a Minor \'Rosamunde\' D804','https://www.youtube.com/watch?v=9S2KJR-A7wM','Franz Schubert','2023-05-06 18:47:20','2023-05-06 18:47:20'),(267,'Temptation Rag','https://www.youtube.com/watch?v=ZCkKkP-7hmk','Claude Bolling','2023-05-06 18:57:07','2023-05-06 18:57:07'),(268,'Here Comes The King','https://www.youtube.com/watch?v=V4qtr_X9A3g','Steve Karmen','2023-05-06 18:58:05','2023-05-06 18:58:05'),(269,'Murray\'s Theme','https://www.youtube.com/watch?v=JmKvjeXAGVA','Judson Crane and Mark S. Hollingsworth (as Mark Hollingsworth)','2023-05-06 18:59:19','2023-05-06 18:59:19'),(270,'Rooftop','https://www.youtube.com/watch?v=031YonL8bJw','Hildur Guðnadóttir and Jóhann Jóhannsson','2023-05-06 19:03:10','2023-05-06 19:03:10'),(271,'Everybody Plays The Fool','https://www.youtube.com/watch?v=KPeHHpXOOds','The Main Ingredient','2023-05-06 19:03:55','2023-05-06 19:03:55'),(272,'The Moon Is A Silver Dollar','https://www.youtube.com/watch?v=9PwLOgdMQT0','Sammy Fain and Mitchell Parish','2023-05-06 19:27:26','2023-05-06 19:27:26'),(273,'Slap That Bass','https://www.youtube.com/watch?v=hTfHcE1cXmo','Fred Astaire and The RKO Radio Studio Chorus & Orchestra','2023-05-06 19:28:25','2023-05-06 19:28:25'),(274,'If You\'re Happy And You Know It','https://www.youtube.com/watch?v=TBhoth5Ip88','Chaim Tannenbaum','2023-05-06 19:29:21','2023-05-06 19:29:21'),(275,'Send In The Clowns','https://www.youtube.com/watch?v=987Ko1WX2_U','Carl Lundstedt','2023-05-06 19:31:24','2023-05-06 19:31:24'),(276,'My Name Is Carnival','https://www.youtube.com/watch?v=DfbcxPkl1VE','Jackson C. Frank','2023-05-06 19:32:09','2023-05-06 19:32:09'),(277,'Smile','https://www.youtube.com/watch?v=OUHj3piO0yM','Jimmy Durante','2023-05-06 19:33:38','2023-05-06 19:33:38'),(278,'That\'s Life','https://www.youtube.com/watch?v=TnlPtaPxXfc','Frank Sinatra','2023-05-06 19:37:52','2023-05-06 19:37:52'),(279,'Rock \'n\' Roll (Part 2)','https://www.youtube.com/watch?v=zWakSmT2c3A','Gary Glitter','2023-05-06 19:40:13','2023-05-06 19:40:13'),(280,'Spanish Flea','https://www.youtube.com/watch?v=ioVY3ixpcyk','Ray Davies and His Button Down Brass','2023-05-06 19:41:24','2023-05-06 19:41:24'),(281,'White Room','https://www.youtube.com/watch?v=xGxhECBbw08','Cream','2023-05-06 19:42:11','2023-05-06 19:42:11'),(282,'Send In The Clowns','https://www.youtube.com/watch?v=fOUrnUktTjU','Frank Sinatra','2023-05-06 19:47:18','2023-05-06 19:47:18'),(283,'Toy Dept. (Toy Waltz)','https://www.youtube.com/watch?v=0qvT2kRn8SY','Charles Chaplin','2023-05-06 19:49:50','2023-05-06 19:49:50'),(284,'Kiss of Death','https://www.youtube.com/watch?v=aXmmqJ1-j0M','John Murphy','2023-05-06 19:55:02','2023-05-06 19:55:02'),(285,'Stone Magnet','https://www.youtube.com/watch?v=L--PPSIic-Q','Electric Wizard','2023-05-06 19:56:12','2023-05-06 19:56:12'),(286,'Bullet from a Gun','https://www.youtube.com/watch?v=IMYJW1lta0U','John Murphy','2023-05-06 19:56:50','2023-05-06 19:56:50'),(287,'In Pieces','https://www.youtube.com/watch?v=NaRBn6QIMcQ','Linkin Park','2023-05-06 19:57:34','2023-05-06 19:57:34'),(288,'Scatterin\' Monkey','https://www.youtube.com/watch?v=wpunMqbxvWo','Boom Boom Satellites','2023-05-06 20:41:48','2023-05-06 20:41:48'),(289,'4 A Moment of Silence','https://www.youtube.com/watch?v=mOEJ2bKDGfg','Boom Boom Satellites','2023-05-06 20:42:58','2023-05-06 20:42:58'),(290,'How Can You Mend A Broken Heart','https://www.youtube.com/watch?v=UgAFcvIw8J4','Al Green','2023-05-06 20:45:28','2023-05-06 20:45:28'),(291,'Once Upon A Time In America','https://www.youtube.com/watch?v=2nj9_MYXB6Y','Ennio Morricone','2023-05-06 20:46:48','2023-05-06 20:46:48'),(292,'Greystone Chapel','https://www.youtube.com/watch?v=keVKhjUHlLs','Glen Sherley','2023-05-06 20:47:33','2023-05-06 20:47:33'),(293,'Ring My Bell','https://www.youtube.com/watch?v=URAqnM1PP5E','Anita Ward','2023-05-06 20:48:17','2023-05-06 20:48:17'),(294,'Disco 1','https://www.youtube.com/watch?v=t98yIlqUY-g','The Mess Hall','2023-05-06 20:50:36','2023-05-06 20:50:36'),(295,'Moon Dawg 65','https://www.youtube.com/watch?v=AdTMtowkzk0','Davie Allan and The Arrows','2023-05-06 20:54:33','2023-05-06 20:54:33'),(296,'Sweet Potato','https://www.youtube.com/watch?v=OI5jiAyV2Yg','Imperial Teen','2023-05-06 20:55:21','2023-05-06 20:55:21'),(297,'Rollercoaster','https://www.youtube.com/watch?v=q0rNk3-NwOI','M. Ward','2023-05-06 20:56:05','2023-05-06 20:56:05'),(298,'Ugly Face','https://www.youtube.com/watch?v=UUYeV3ZOwgw','Nina Nastasia','2023-05-06 20:56:57','2023-05-06 20:56:57');
/*!40000 ALTER TABLE `musicas` ENABLE KEYS */;
UNLOCK TABLES;

--
-- Table structure for table `novelas`
--

DROP TABLE IF EXISTS `novelas`;
/*!40101 SET @saved_cs_client     = @@character_set_client */;
/*!50503 SET character_set_client = utf8mb4 */;
CREATE TABLE `novelas` (
  `id` int NOT NULL AUTO_INCREMENT,
  `titulo` varchar(255) NOT NULL,
  `direcao` varchar(255) NOT NULL,
  `autor` varchar(255) NOT NULL,
  `emissora` varchar(255) NOT NULL,
  `ano` int NOT NULL,
  `foto` varchar(255) NOT NULL,
  `bg_foto` varchar(255) NOT NULL,
  `sinopse` varchar(255) NOT NULL,
  `createdAt` datetime NOT NULL,
  `updatedAt` datetime NOT NULL,
  PRIMARY KEY (`id`)
) ENGINE=InnoDB DEFAULT CHARSET=utf8mb4 COLLATE=utf8mb4_0900_ai_ci;
/*!40101 SET character_set_client = @saved_cs_client */;

--
-- Dumping data for table `novelas`
--

LOCK TABLES `novelas` WRITE;
/*!40000 ALTER TABLE `novelas` DISABLE KEYS */;
/*!40000 ALTER TABLE `novelas` ENABLE KEYS */;
UNLOCK TABLES;

--
-- Table structure for table `series`
--

DROP TABLE IF EXISTS `series`;
/*!40101 SET @saved_cs_client     = @@character_set_client */;
/*!50503 SET character_set_client = utf8mb4 */;
CREATE TABLE `series` (
  `id` int NOT NULL AUTO_INCREMENT,
  `titulo` varchar(255) NOT NULL,
  `genero` varchar(255) NOT NULL,
  `sinopse` text NOT NULL,
  `foto` varchar(255) NOT NULL,
  `titulo_original` varchar(255) NOT NULL,
  `createdAt` datetime NOT NULL,
  `updatedAt` datetime NOT NULL,
  PRIMARY KEY (`id`)
) ENGINE=InnoDB AUTO_INCREMENT=7 DEFAULT CHARSET=utf8mb4 COLLATE=utf8mb4_0900_ai_ci;
/*!40101 SET character_set_client = @saved_cs_client */;

--
-- Dumping data for table `series`
--

LOCK TABLES `series` WRITE;
/*!40000 ALTER TABLE `series` DISABLE KEYS */;
INSERT INTO `series` VALUES (1,'Grimm','Mistério','Série dramática inspirada nos clássicos contos de fada dos Irmãos Grimm. Depois que Nick Burkhardt (David Giuntoli), detetive da divisão de homicídios de Portland, descobre que descende de uma linhagem de perfiladores criminais de elite conhecidos como ‘Grimms’, ele cada vez mais vê suas responsabilidades como detetive se chocarem com suas responsabilidades como grimm.','grimm.jpg','Grimm','2023-04-24 21:10:25','2023-04-24 21:10:25'),(2,'Breaking Bad','Ação, Drama, Suspense, Crime','Walter White é um homem brilhante frustrado em dar aulas para adolescentes do ensino médio enquanto lida com um filho sofrendo de paralisia cerebral, uma esposa grávida e dívidas intermináveis. White, então, é diagnosticado com um câncer no pulmão - o que o leva a sofrer um colapso emocional e abraçar uma vida de crimes para pagar suas dívidas hospitalares e dar uma boa vida aos seus filhos.[7] Walter resolve produzir metanfetamina de alta pureza com seu ex-aluno, Jesse Pinkman.','breaking_bad.png','Breaking Bad','2023-04-24 21:10:25','2023-04-24 21:10:25'),(3,'The Walking Dead','Terror, Drama','The Walking Dead conta a história de um pequeno grupo de sobreviventes em um mundo pós-apocalíptico cheio de mortos-vivos. A série apresenta a excessiva jornada do grupo liderado por Rick Grimes, em busca de suprimentos e refúgios seguros. Além disso, os sobreviventes têm que lidar com dilemas morais, sentimentos confusos e desafios do dia a dia em um mundo hostil e praticamente dominado por mortos-vivos.','the_walking_dead.jpg','The Walking Dead','2023-04-24 21:10:25','2023-04-24 21:10:25'),(4,'Lost','Ação, Drama, Ficção científica','Série de televisão norte-americana de drama, fantasia e ficção científica que seguiu a vida dos sobreviventes de um acidente aéreo numa misteriosa ilha tropical, após o avião que viajava de Sydney, Austrália para Los Angeles, Estados Unidos cair em algum lugar do Oceano Pacífico. ','lost.jpg','Lost','2023-04-24 21:10:25','2023-04-24 21:10:25'),(5,'Heroes','Super heroi, Drama, Ficção científica','A trama de Heroes é projetada para ser semelhante das histórias em quadrinhos com pequenas histórias como pano de fundo para \"a grande ação global da série\". Cada temporada de Heroes foi concebida para envolver pessoas comuns que descobrem poderes extraordinários, e como essas habilidades produzem efeitos na vida da personagem. ','heroes.jpg','Heroes','2023-04-24 21:10:25','2023-04-24 21:10:25'),(6,'Arquivo X','Ficção científica, Terror, Suspense, Drama','Os agentes especiais do FBI, Fox Mulder (David Duchovny) e Dana Scully (Gillian Anderson), investigam os Arquivos-x: casos não solucionados envolvendo fenômenos paranormais. Mulder acredita na existência de extraterrestres e em paranormalidade, enquanto Scully, uma médica cética, é designada para fazer análises científicas das descobertas de Mulder e propor alternativas racionais ao seu trabalho. Ainda no começo da série, ambos os agentes tornam-se alvo de uma trama conspiratória e passam a confiar apenas um no outro e em outras poucas pessoas. Os agentes também descobrem os planos do governo de manter a existência de vida extraterrestre um segredo. Eles desenvolvem um relacionamento próximo, começando com um sentimento platônico e depois tornando-se um relacionamento romântico no término da série. Além dos episódios que ajudam a explorar esta história maior contada pela série, há também histórias curtas, que lidam com o paranormal, contadas em apenas um episódio. ','arquivo_x.jpg','The X-Files','2023-04-24 21:10:25','2023-04-24 21:10:25');
/*!40000 ALTER TABLE `series` ENABLE KEYS */;
UNLOCK TABLES;

--
-- Table structure for table `series_musicas`
--

DROP TABLE IF EXISTS `series_musicas`;
/*!40101 SET @saved_cs_client     = @@character_set_client */;
/*!50503 SET character_set_client = utf8mb4 */;
CREATE TABLE `series_musicas` (
  `createdAt` datetime NOT NULL,
  `updatedAt` datetime NOT NULL,
  `musicaId` int NOT NULL,
  `seriesId` int NOT NULL,
  PRIMARY KEY (`musicaId`,`seriesId`),
  KEY `seriesId` (`seriesId`),
  CONSTRAINT `series_musicas_ibfk_1` FOREIGN KEY (`musicaId`) REFERENCES `musicas` (`id`) ON DELETE CASCADE ON UPDATE CASCADE,
  CONSTRAINT `series_musicas_ibfk_2` FOREIGN KEY (`seriesId`) REFERENCES `series` (`id`) ON DELETE CASCADE ON UPDATE CASCADE
) ENGINE=InnoDB DEFAULT CHARSET=utf8mb4 COLLATE=utf8mb4_0900_ai_ci;
/*!40101 SET character_set_client = @saved_cs_client */;

--
-- Dumping data for table `series_musicas`
--

LOCK TABLES `series_musicas` WRITE;
/*!40000 ALTER TABLE `series_musicas` DISABLE KEYS */;
/*!40000 ALTER TABLE `series_musicas` ENABLE KEYS */;
UNLOCK TABLES;

--
-- Table structure for table `temporadas_animes`
--

DROP TABLE IF EXISTS `temporadas_animes`;
/*!40101 SET @saved_cs_client     = @@character_set_client */;
/*!50503 SET character_set_client = utf8mb4 */;
CREATE TABLE `temporadas_animes` (
  `id` int NOT NULL AUTO_INCREMENT,
  `direcao` varchar(255) NOT NULL,
  `roteiro` varchar(255) NOT NULL,
  `estudio` varchar(255) NOT NULL,
  `foto` varchar(255) NOT NULL,
  `temporada` int NOT NULL,
  `createdAt` datetime NOT NULL,
  `updatedAt` datetime NOT NULL,
  `animeId` int DEFAULT NULL,
  PRIMARY KEY (`id`),
  UNIQUE KEY `temporada` (`temporada`),
  KEY `animeId` (`animeId`),
  CONSTRAINT `temporadas_animes_ibfk_1` FOREIGN KEY (`animeId`) REFERENCES `animes` (`id`) ON DELETE SET NULL ON UPDATE CASCADE
) ENGINE=InnoDB AUTO_INCREMENT=5 DEFAULT CHARSET=utf8mb4 COLLATE=utf8mb4_0900_ai_ci;
/*!40101 SET character_set_client = @saved_cs_client */;

--
-- Dumping data for table `temporadas_animes`
--

LOCK TABLES `temporadas_animes` WRITE;
/*!40000 ALTER TABLE `temporadas_animes` DISABLE KEYS */;
INSERT INTO `temporadas_animes` VALUES (1,'Tetsuro Araki','Yasuko Kobayashi','Wit Studio','shingeki_no_kyojin_s1.jpg',1,'2023-04-28 16:48:45','2023-04-28 16:48:45',1),(2,'Tetsuro Araki','Yasuko Kobayashi','Wit Studio','shingeki_no_kyojin_s2.jpg',2,'2023-04-28 16:53:43','2023-04-28 16:53:43',1),(3,'Tetsuro Araki','Yasuko Kobayashi','Wit Studio','shingeki_no_kyojin_s3.jpg',3,'2023-04-28 16:55:43','2023-04-28 16:55:43',1),(4,'Jun Shishido','Yuichiro Hayashi','MAPPA','shingeki_no_kyojin_s4.jpg',4,'2023-04-28 16:57:32','2023-04-28 16:57:32',1);
/*!40000 ALTER TABLE `temporadas_animes` ENABLE KEYS */;
UNLOCK TABLES;
/*!40103 SET TIME_ZONE=@OLD_TIME_ZONE */;

/*!40101 SET SQL_MODE=@OLD_SQL_MODE */;
/*!40014 SET FOREIGN_KEY_CHECKS=@OLD_FOREIGN_KEY_CHECKS */;
/*!40014 SET UNIQUE_CHECKS=@OLD_UNIQUE_CHECKS */;
/*!40101 SET CHARACTER_SET_CLIENT=@OLD_CHARACTER_SET_CLIENT */;
/*!40101 SET CHARACTER_SET_RESULTS=@OLD_CHARACTER_SET_RESULTS */;
/*!40101 SET COLLATION_CONNECTION=@OLD_COLLATION_CONNECTION */;
/*!40111 SET SQL_NOTES=@OLD_SQL_NOTES */;

-- Dump completed on 2023-05-07 15:49:13
